Name,Description,Severity,Message,Path,Start line,Start column,End line,End column,CWE mappings
Uncontrolled data used in path expression,Accessing paths influenced by users can allow an attacker to access unexpected resources.,error,"This path depends on a [[""user-provided value""|""relative:///src/testcases/CWE23_Relative_Path_Traversal/J1772.java:20:59:20:81""]].",/src/testcases/CWE23_Relative_Path_Traversal/J1772.java,56,25,56,45,CWE-22 CWE-23 CWE-36 CWE-73 CWE-610 CWE-642 CWE-664 CWE-668 CWE-706
Uncontrolled data used in path expression,Accessing paths influenced by users can allow an attacker to access unexpected resources.,error,"This path depends on a [[""user-provided value""|""relative:///src/testcases/CWE23_Relative_Path_Traversal/J1772.java:20:59:20:81""]].",/src/testcases/CWE23_Relative_Path_Traversal/J1772.java,62,61,62,64,CWE-22 CWE-23 CWE-36 CWE-73 CWE-610 CWE-642 CWE-664 CWE-668 CWE-706
Uncontrolled data used in path expression,Accessing paths influenced by users can allow an attacker to access unexpected resources.,error,"This path depends on a [[""user-provided value""|""relative:///src/testcases/CWE23_Relative_Path_Traversal/J1782.java:13:24:13:50""]].",/src/testcases/CWE23_Relative_Path_Traversal/J1782.java,23,25,23,45,CWE-22 CWE-23 CWE-36 CWE-73 CWE-610 CWE-642 CWE-664 CWE-668 CWE-706
Uncontrolled data used in path expression,Accessing paths influenced by users can allow an attacker to access unexpected resources.,error,"This path depends on a [[""user-provided value""|""relative:///src/testcases/CWE23_Relative_Path_Traversal/J1782.java:13:24:13:50""]].",/src/testcases/CWE23_Relative_Path_Traversal/J1782.java,29,61,29,64,CWE-22 CWE-23 CWE-36 CWE-73 CWE-610 CWE-642 CWE-664 CWE-668 CWE-706
Uncontrolled data used in path expression,Accessing paths influenced by users can allow an attacker to access unexpected resources.,error,"This path depends on a [[""user-provided value""|""relative:///src/testcases/CWE23_Relative_Path_Traversal/J1784.java:9:16:9:43""]].",/src/testcases/CWE23_Relative_Path_Traversal/J1784.java,17,25,17,45,CWE-22 CWE-23 CWE-36 CWE-73 CWE-610 CWE-642 CWE-664 CWE-668 CWE-706
Uncontrolled data used in path expression,Accessing paths influenced by users can allow an attacker to access unexpected resources.,error,"This path depends on a [[""user-provided value""|""relative:///src/testcases/CWE23_Relative_Path_Traversal/J1784.java:9:16:9:43""]].",/src/testcases/CWE23_Relative_Path_Traversal/J1784.java,23,61,23,64,CWE-22 CWE-23 CWE-36 CWE-73 CWE-610 CWE-642 CWE-664 CWE-668 CWE-706
Uncontrolled data used in path expression,Accessing paths influenced by users can allow an attacker to access unexpected resources.,error,"This path depends on a [[""user-provided value""|""relative:///src/testcases/CWE23_Relative_Path_Traversal/J1786.java:12:61:12:84""]].",/src/testcases/CWE23_Relative_Path_Traversal/J1786.java,28,25,28,45,CWE-22 CWE-23 CWE-36 CWE-73 CWE-610 CWE-642 CWE-664 CWE-668 CWE-706
Uncontrolled data used in path expression,Accessing paths influenced by users can allow an attacker to access unexpected resources.,error,"This path depends on a [[""user-provided value""|""relative:///src/testcases/CWE23_Relative_Path_Traversal/J1786.java:12:61:12:84""]].",/src/testcases/CWE23_Relative_Path_Traversal/J1786.java,34,61,34,64,CWE-22 CWE-23 CWE-36 CWE-73 CWE-610 CWE-642 CWE-664 CWE-668 CWE-706
Uncontrolled data used in path expression,Accessing paths influenced by users can allow an attacker to access unexpected resources.,error,"This path depends on a [[""user-provided value""|""relative:///src/testcases/CWE23_Relative_Path_Traversal/J1788.java:23:59:23:81""]].",/src/testcases/CWE23_Relative_Path_Traversal/J1788.java,66,25,66,45,CWE-22 CWE-23 CWE-36 CWE-73 CWE-610 CWE-642 CWE-664 CWE-668 CWE-706
Uncontrolled data used in path expression,Accessing paths influenced by users can allow an attacker to access unexpected resources.,error,"This path depends on a [[""user-provided value""|""relative:///src/testcases/CWE23_Relative_Path_Traversal/J1788.java:23:59:23:81""]].",/src/testcases/CWE23_Relative_Path_Traversal/J1788.java,72,61,72,64,CWE-22 CWE-23 CWE-36 CWE-73 CWE-610 CWE-642 CWE-664 CWE-668 CWE-706
Uncontrolled data used in path expression,Accessing paths influenced by users can allow an attacker to access unexpected resources.,error,"This path depends on a [[""user-provided value""|""relative:///src/testcases/CWE23_Relative_Path_Traversal/J1794.java:20:59:20:88""]].",/src/testcases/CWE23_Relative_Path_Traversal/J1794.java,49,25,49,45,CWE-22 CWE-23 CWE-36 CWE-73 CWE-610 CWE-642 CWE-664 CWE-668 CWE-706
Uncontrolled data used in path expression,Accessing paths influenced by users can allow an attacker to access unexpected resources.,error,"This path depends on a [[""user-provided value""|""relative:///src/testcases/CWE23_Relative_Path_Traversal/J1794.java:20:59:20:88""]].",/src/testcases/CWE23_Relative_Path_Traversal/J1794.java,55,61,55,64,CWE-22 CWE-23 CWE-36 CWE-73 CWE-610 CWE-642 CWE-664 CWE-668 CWE-706
Uncontrolled data used in path expression,Accessing paths influenced by users can allow an attacker to access unexpected resources.,error,"This path depends on a [[""user-provided value""|""relative:///src/testcases/CWE36_Absolute_Path_Traversal/J1956.java:20:59:20:81""]].",/src/testcases/CWE36_Absolute_Path_Traversal/J1956.java,50,25,50,38,CWE-22 CWE-23 CWE-36 CWE-73 CWE-610 CWE-642 CWE-664 CWE-668 CWE-706
Uncontrolled data used in path expression,Accessing paths influenced by users can allow an attacker to access unexpected resources.,error,"This path depends on a [[""user-provided value""|""relative:///src/testcases/CWE36_Absolute_Path_Traversal/J1956.java:20:59:20:81""]].",/src/testcases/CWE36_Absolute_Path_Traversal/J1956.java,56,61,56,64,CWE-22 CWE-23 CWE-36 CWE-73 CWE-610 CWE-642 CWE-664 CWE-668 CWE-706
Uncontrolled data used in path expression,Accessing paths influenced by users can allow an attacker to access unexpected resources.,error,"This path depends on a [[""user-provided value""|""relative:///src/testcases/CWE36_Absolute_Path_Traversal/J1966.java:13:24:13:50""]].",/src/testcases/CWE36_Absolute_Path_Traversal/J1966.java,17,25,17,38,CWE-22 CWE-23 CWE-36 CWE-73 CWE-610 CWE-642 CWE-664 CWE-668 CWE-706
Uncontrolled data used in path expression,Accessing paths influenced by users can allow an attacker to access unexpected resources.,error,"This path depends on a [[""user-provided value""|""relative:///src/testcases/CWE36_Absolute_Path_Traversal/J1966.java:13:24:13:50""]].",/src/testcases/CWE36_Absolute_Path_Traversal/J1966.java,23,61,23,64,CWE-22 CWE-23 CWE-36 CWE-73 CWE-610 CWE-642 CWE-664 CWE-668 CWE-706
Uncontrolled data used in path expression,Accessing paths influenced by users can allow an attacker to access unexpected resources.,error,"This path depends on a [[""user-provided value""|""relative:///src/testcases/CWE36_Absolute_Path_Traversal/J1968.java:9:16:9:43""]].",/src/testcases/CWE36_Absolute_Path_Traversal/J1968.java,11,25,11,38,CWE-22 CWE-23 CWE-36 CWE-73 CWE-610 CWE-642 CWE-664 CWE-668 CWE-706
Uncontrolled data used in path expression,Accessing paths influenced by users can allow an attacker to access unexpected resources.,error,"This path depends on a [[""user-provided value""|""relative:///src/testcases/CWE36_Absolute_Path_Traversal/J1968.java:9:16:9:43""]].",/src/testcases/CWE36_Absolute_Path_Traversal/J1968.java,17,61,17,64,CWE-22 CWE-23 CWE-36 CWE-73 CWE-610 CWE-642 CWE-664 CWE-668 CWE-706
Uncontrolled data used in path expression,Accessing paths influenced by users can allow an attacker to access unexpected resources.,error,"This path depends on a [[""user-provided value""|""relative:///src/testcases/CWE36_Absolute_Path_Traversal/J1970.java:12:61:12:84""]].",/src/testcases/CWE36_Absolute_Path_Traversal/J1970.java,22,25,22,38,CWE-22 CWE-23 CWE-36 CWE-73 CWE-610 CWE-642 CWE-664 CWE-668 CWE-706
Uncontrolled data used in path expression,Accessing paths influenced by users can allow an attacker to access unexpected resources.,error,"This path depends on a [[""user-provided value""|""relative:///src/testcases/CWE36_Absolute_Path_Traversal/J1970.java:12:61:12:84""]].",/src/testcases/CWE36_Absolute_Path_Traversal/J1970.java,28,61,28,64,CWE-22 CWE-23 CWE-36 CWE-73 CWE-610 CWE-642 CWE-664 CWE-668 CWE-706
Uncontrolled data used in path expression,Accessing paths influenced by users can allow an attacker to access unexpected resources.,error,"This path depends on a [[""user-provided value""|""relative:///src/testcases/CWE36_Absolute_Path_Traversal/J1972.java:23:59:23:81""]].",/src/testcases/CWE36_Absolute_Path_Traversal/J1972.java,60,25,60,38,CWE-22 CWE-23 CWE-36 CWE-73 CWE-610 CWE-642 CWE-664 CWE-668 CWE-706
Uncontrolled data used in path expression,Accessing paths influenced by users can allow an attacker to access unexpected resources.,error,"This path depends on a [[""user-provided value""|""relative:///src/testcases/CWE36_Absolute_Path_Traversal/J1972.java:23:59:23:81""]].",/src/testcases/CWE36_Absolute_Path_Traversal/J1972.java,66,61,66,64,CWE-22 CWE-23 CWE-36 CWE-73 CWE-610 CWE-642 CWE-664 CWE-668 CWE-706
Uncontrolled data used in path expression,Accessing paths influenced by users can allow an attacker to access unexpected resources.,error,"This path depends on a [[""user-provided value""|""relative:///src/testcases/CWE36_Absolute_Path_Traversal/J1978.java:20:59:20:88""]].",/src/testcases/CWE36_Absolute_Path_Traversal/J1978.java,43,25,43,38,CWE-22 CWE-23 CWE-36 CWE-73 CWE-610 CWE-642 CWE-664 CWE-668 CWE-706
Uncontrolled data used in path expression,Accessing paths influenced by users can allow an attacker to access unexpected resources.,error,"This path depends on a [[""user-provided value""|""relative:///src/testcases/CWE36_Absolute_Path_Traversal/J1978.java:20:59:20:88""]].",/src/testcases/CWE36_Absolute_Path_Traversal/J1978.java,49,61,49,64,CWE-22 CWE-23 CWE-36 CWE-73 CWE-610 CWE-642 CWE-664 CWE-668 CWE-706
Uncontrolled command line,Using externally controlled strings in a command line is vulnerable to malicious changes in the strings.,error,"This command line depends on a [[""user-provided value""|""relative:///src/testcases/CWE78_OS_Command_Injection/J2601.java:19:59:19:81""]].",/src/testcases/CWE78_OS_Command_Injection/J2601.java,54,53,54,68,CWE-74 CWE-77 CWE-78 CWE-88 CWE-707
Uncontrolled command line,Using externally controlled strings in a command line is vulnerable to malicious changes in the strings.,error,"This command line depends on a [[""user-provided value""|""relative:///src/testcases/CWE78_OS_Command_Injection/J2611.java:11:24:11:50""]].",/src/testcases/CWE78_OS_Command_Injection/J2611.java,20,53,20,68,CWE-74 CWE-77 CWE-78 CWE-88 CWE-707
Uncontrolled command line,Using externally controlled strings in a command line is vulnerable to malicious changes in the strings.,error,"This command line depends on a [[""user-provided value""|""relative:///src/testcases/CWE78_OS_Command_Injection/J2613.java:7:16:7:43""]].",/src/testcases/CWE78_OS_Command_Injection/J2613.java,14,53,14,68,CWE-74 CWE-77 CWE-78 CWE-88 CWE-707
Uncontrolled command line,Using externally controlled strings in a command line is vulnerable to malicious changes in the strings.,error,"This command line depends on a [[""user-provided value""|""relative:///src/testcases/CWE78_OS_Command_Injection/J2615.java:10:61:10:84""]].",/src/testcases/CWE78_OS_Command_Injection/J2615.java,25,53,25,68,CWE-74 CWE-77 CWE-78 CWE-88 CWE-707
Uncontrolled command line,Using externally controlled strings in a command line is vulnerable to malicious changes in the strings.,error,"This command line depends on a [[""user-provided value""|""relative:///src/testcases/CWE78_OS_Command_Injection/J2617.java:22:59:22:81""]].",/src/testcases/CWE78_OS_Command_Injection/J2617.java,64,53,64,68,CWE-74 CWE-77 CWE-78 CWE-88 CWE-707
Uncontrolled command line,Using externally controlled strings in a command line is vulnerable to malicious changes in the strings.,error,"This command line depends on a [[""user-provided value""|""relative:///src/testcases/CWE78_OS_Command_Injection/J2623.java:19:59:19:88""]].",/src/testcases/CWE78_OS_Command_Injection/J2623.java,47,53,47,68,CWE-74 CWE-77 CWE-78 CWE-88 CWE-707
Building a command line with string concatenation,Using concatenated strings in a command line is vulnerable to malicious insertion of special characters in the strings.,error,Command line is built with string concatenation.,/src/testcases/CWE78_OS_Command_Injection/J2603.java,44,53,44,68,CWE-74 CWE-77 CWE-78 CWE-88 CWE-707
Building a command line with string concatenation,Using concatenated strings in a command line is vulnerable to malicious insertion of special characters in the strings.,error,Command line is built with string concatenation.,/src/testcases/CWE78_OS_Command_Injection/J2605.java,54,53,54,68,CWE-74 CWE-77 CWE-78 CWE-88 CWE-707
Building a command line with string concatenation,Using concatenated strings in a command line is vulnerable to malicious insertion of special characters in the strings.,error,Command line is built with string concatenation.,/src/testcases/CWE78_OS_Command_Injection/J2607.java,14,53,14,68,CWE-74 CWE-77 CWE-78 CWE-88 CWE-707
Building a command line with string concatenation,Using concatenated strings in a command line is vulnerable to malicious insertion of special characters in the strings.,error,Command line is built with string concatenation.,/src/testcases/CWE78_OS_Command_Injection/J2609.java,56,53,56,68,CWE-74 CWE-77 CWE-78 CWE-88 CWE-707
Building a command line with string concatenation,Using concatenated strings in a command line is vulnerable to malicious insertion of special characters in the strings.,error,Command line is built with string concatenation.,/src/testcases/CWE78_OS_Command_Injection/J2619.java,37,53,37,68,CWE-74 CWE-77 CWE-78 CWE-88 CWE-707
Building a command line with string concatenation,Using concatenated strings in a command line is vulnerable to malicious insertion of special characters in the strings.,error,Command line is built with string concatenation.,/src/testcases/CWE78_OS_Command_Injection/J2621.java,14,53,14,68,CWE-74 CWE-77 CWE-78 CWE-88 CWE-707
Cross-site scripting,Writing user input directly to a web page allows for a cross-site scripting vulnerability.,error,"Cross-site scripting vulnerability due to a [[""user-provided value""|""relative:///src/testcases/CWE80_XSS/s01/J2625.java:19:59:19:81""]].",/src/testcases/CWE80_XSS/s01/J2625.java,49,42,49,100,CWE-74 CWE-79 CWE-707
Cross-site scripting,Writing user input directly to a web page allows for a cross-site scripting vulnerability.,error,"Cross-site scripting vulnerability due to a [[""user-provided value""|""relative:///src/testcases/CWE80_XSS/s01/J2631.java:11:24:11:50""]].",/src/testcases/CWE80_XSS/s01/J2631.java,15,42,15,100,CWE-74 CWE-79 CWE-707
Cross-site scripting,Writing user input directly to a web page allows for a cross-site scripting vulnerability.,error,"Cross-site scripting vulnerability due to a [[""user-provided value""|""relative:///src/testcases/CWE80_XSS/s01/J2633.java:7:16:7:43""]].",/src/testcases/CWE80_XSS/s01/J2633.java,9,42,9,100,CWE-74 CWE-79 CWE-707
Cross-site scripting,Writing user input directly to a web page allows for a cross-site scripting vulnerability.,error,"Cross-site scripting vulnerability due to a [[""user-provided value""|""relative:///src/testcases/CWE80_XSS/s01/J2635.java:10:61:10:84""]].",/src/testcases/CWE80_XSS/s01/J2635.java,20,42,20,100,CWE-74 CWE-79 CWE-707
Cross-site scripting,Writing user input directly to a web page allows for a cross-site scripting vulnerability.,error,"Cross-site scripting vulnerability due to a [[""user-provided value""|""relative:///src/testcases/CWE80_XSS/s01/J2637.java:22:59:22:81""]].",/src/testcases/CWE80_XSS/s01/J2637.java,59,42,59,100,CWE-74 CWE-79 CWE-707
Cross-site scripting,Writing user input directly to a web page allows for a cross-site scripting vulnerability.,error,"Cross-site scripting vulnerability due to a [[""user-provided value""|""relative:///src/testcases/CWE80_XSS/s01/J2641.java:19:59:19:88""]].",/src/testcases/CWE80_XSS/s01/J2641.java,42,42,42,100,CWE-74 CWE-79 CWE-707
Cross-site scripting,Writing user input directly to a web page allows for a cross-site scripting vulnerability.,error,"Cross-site scripting vulnerability due to a [[""user-provided value""|""relative:///src/testcases/CWE80_XSS/s01/J2643.java:19:59:19:81""]].",/src/testcases/CWE80_XSS/s01/J2643.java,49,42,49,71,CWE-74 CWE-79 CWE-707
Cross-site scripting,Writing user input directly to a web page allows for a cross-site scripting vulnerability.,error,"Cross-site scripting vulnerability due to a [[""user-provided value""|""relative:///src/testcases/CWE80_XSS/s01/J2649.java:11:24:11:50""]].",/src/testcases/CWE80_XSS/s01/J2649.java,15,42,15,71,CWE-74 CWE-79 CWE-707
Cross-site scripting,Writing user input directly to a web page allows for a cross-site scripting vulnerability.,error,"Cross-site scripting vulnerability due to a [[""user-provided value""|""relative:///src/testcases/CWE80_XSS/s01/J2651.java:7:16:7:43""]].",/src/testcases/CWE80_XSS/s01/J2651.java,9,42,9,71,CWE-74 CWE-79 CWE-707
Cross-site scripting,Writing user input directly to a web page allows for a cross-site scripting vulnerability.,error,"Cross-site scripting vulnerability due to a [[""user-provided value""|""relative:///src/testcases/CWE80_XSS/s01/J2653.java:10:61:10:84""]].",/src/testcases/CWE80_XSS/s01/J2653.java,20,42,20,71,CWE-74 CWE-79 CWE-707
Cross-site scripting,Writing user input directly to a web page allows for a cross-site scripting vulnerability.,error,"Cross-site scripting vulnerability due to a [[""user-provided value""|""relative:///src/testcases/CWE80_XSS/s01/J2655.java:22:59:22:81""]].",/src/testcases/CWE80_XSS/s01/J2655.java,59,42,59,71,CWE-74 CWE-79 CWE-707
Cross-site scripting,Writing user input directly to a web page allows for a cross-site scripting vulnerability.,error,"Cross-site scripting vulnerability due to a [[""user-provided value""|""relative:///src/testcases/CWE80_XSS/s02/J2659.java:19:59:19:88""]].",/src/testcases/CWE80_XSS/s02/J2659.java,42,42,42,71,CWE-74 CWE-79 CWE-707
Cross-site scripting,Writing user input directly to a web page allows for a cross-site scripting vulnerability.,error,"Cross-site scripting vulnerability due to a [[""user-provided value""|""relative:///src/testcases/CWE83_XSS_Attribute/J2707.java:19:59:19:81""]].",/src/testcases/CWE83_XSS_Attribute/J2707.java,49,42,49,84,CWE-74 CWE-79 CWE-707
Cross-site scripting,Writing user input directly to a web page allows for a cross-site scripting vulnerability.,error,"Cross-site scripting vulnerability due to a [[""user-provided value""|""relative:///src/testcases/CWE83_XSS_Attribute/J2713.java:11:24:11:50""]].",/src/testcases/CWE83_XSS_Attribute/J2713.java,15,42,15,84,CWE-74 CWE-79 CWE-707
Cross-site scripting,Writing user input directly to a web page allows for a cross-site scripting vulnerability.,error,"Cross-site scripting vulnerability due to a [[""user-provided value""|""relative:///src/testcases/CWE83_XSS_Attribute/J2715.java:7:16:7:43""]].",/src/testcases/CWE83_XSS_Attribute/J2715.java,9,42,9,84,CWE-74 CWE-79 CWE-707
Cross-site scripting,Writing user input directly to a web page allows for a cross-site scripting vulnerability.,error,"Cross-site scripting vulnerability due to a [[""user-provided value""|""relative:///src/testcases/CWE83_XSS_Attribute/J2717.java:10:61:10:84""]].",/src/testcases/CWE83_XSS_Attribute/J2717.java,20,42,20,84,CWE-74 CWE-79 CWE-707
Cross-site scripting,Writing user input directly to a web page allows for a cross-site scripting vulnerability.,error,"Cross-site scripting vulnerability due to a [[""user-provided value""|""relative:///src/testcases/CWE83_XSS_Attribute/J2719.java:22:59:22:81""]].",/src/testcases/CWE83_XSS_Attribute/J2719.java,59,42,59,84,CWE-74 CWE-79 CWE-707
Cross-site scripting,Writing user input directly to a web page allows for a cross-site scripting vulnerability.,error,"Cross-site scripting vulnerability due to a [[""user-provided value""|""relative:///src/testcases/CWE83_XSS_Attribute/J2723.java:19:59:19:88""]].",/src/testcases/CWE83_XSS_Attribute/J2723.java,42,42,42,84,CWE-74 CWE-79 CWE-707
Query built from user-controlled sources,Building a SQL or Java Persistence query from user-controlled sources is vulnerable to insertion of malicious code by the user.,error,"This query depends on a [[""user-provided value""|""relative:///src/testcases/CWE89_SQL_Injection/s01/J2725.java:20:59:20:81""]].",/src/testcases/CWE89_SQL_Injection/s01/J2725.java,58,43,58,110,CWE-74 CWE-89 CWE-564 CWE-707 CWE-943
Query built from user-controlled sources,Building a SQL or Java Persistence query from user-controlled sources is vulnerable to insertion of malicious code by the user.,error,"This query depends on a [[""user-provided value""|""relative:///src/testcases/CWE89_SQL_Injection/s01/J2727.java:20:59:20:81""]].",/src/testcases/CWE89_SQL_Injection/s01/J2727.java,55,51,55,97,CWE-74 CWE-89 CWE-564 CWE-707 CWE-943
Query built from user-controlled sources,Building a SQL or Java Persistence query from user-controlled sources is vulnerable to insertion of malicious code by the user.,error,"This query depends on a [[""user-provided value""|""relative:///src/testcases/CWE89_SQL_Injection/s01/J2729.java:20:59:20:81""]].",/src/testcases/CWE89_SQL_Injection/s01/J2729.java,54,55,54,127,CWE-74 CWE-89 CWE-564 CWE-707 CWE-943
Query built from user-controlled sources,Building a SQL or Java Persistence query from user-controlled sources is vulnerable to insertion of malicious code by the user.,error,"This query depends on a [[""user-provided value""|""relative:///src/testcases/CWE89_SQL_Injection/s01/J2731.java:20:59:20:81""]].",/src/testcases/CWE89_SQL_Injection/s01/J2731.java,54,51,54,123,CWE-74 CWE-89 CWE-564 CWE-707 CWE-943
Query built from user-controlled sources,Building a SQL or Java Persistence query from user-controlled sources is vulnerable to insertion of malicious code by the user.,error,"This query depends on a [[""user-provided value""|""relative:///src/testcases/CWE89_SQL_Injection/s01/J2733.java:20:59:20:81""]].",/src/testcases/CWE89_SQL_Injection/s01/J2733.java,53,58,53,130,CWE-74 CWE-89 CWE-564 CWE-707 CWE-943
Query built from user-controlled sources,Building a SQL or Java Persistence query from user-controlled sources is vulnerable to insertion of malicious code by the user.,error,"This query depends on a [[""user-provided value""|""relative:///src/testcases/CWE89_SQL_Injection/s02/J2775.java:13:24:13:50""]].",/src/testcases/CWE89_SQL_Injection/s02/J2775.java,25,43,25,110,CWE-74 CWE-89 CWE-564 CWE-707 CWE-943
Query built from user-controlled sources,Building a SQL or Java Persistence query from user-controlled sources is vulnerable to insertion of malicious code by the user.,error,"This query depends on a [[""user-provided value""|""relative:///src/testcases/CWE89_SQL_Injection/s02/J2777.java:13:24:13:50""]].",/src/testcases/CWE89_SQL_Injection/s02/J2777.java,22,51,22,97,CWE-74 CWE-89 CWE-564 CWE-707 CWE-943
Query built from user-controlled sources,Building a SQL or Java Persistence query from user-controlled sources is vulnerable to insertion of malicious code by the user.,error,"This query depends on a [[""user-provided value""|""relative:///src/testcases/CWE89_SQL_Injection/s02/J2779.java:13:24:13:50""]].",/src/testcases/CWE89_SQL_Injection/s02/J2779.java,21,55,21,127,CWE-74 CWE-89 CWE-564 CWE-707 CWE-943
Query built from user-controlled sources,Building a SQL or Java Persistence query from user-controlled sources is vulnerable to insertion of malicious code by the user.,error,"This query depends on a [[""user-provided value""|""relative:///src/testcases/CWE89_SQL_Injection/s02/J2781.java:13:24:13:50""]].",/src/testcases/CWE89_SQL_Injection/s02/J2781.java,21,51,21,123,CWE-74 CWE-89 CWE-564 CWE-707 CWE-943
Query built from user-controlled sources,Building a SQL or Java Persistence query from user-controlled sources is vulnerable to insertion of malicious code by the user.,error,"This query depends on a [[""user-provided value""|""relative:///src/testcases/CWE89_SQL_Injection/s02/J2783.java:13:24:13:50""]].",/src/testcases/CWE89_SQL_Injection/s02/J2783.java,20,58,20,130,CWE-74 CWE-89 CWE-564 CWE-707 CWE-943
Query built from user-controlled sources,Building a SQL or Java Persistence query from user-controlled sources is vulnerable to insertion of malicious code by the user.,error,"This query depends on a [[""user-provided value""|""relative:///src/testcases/CWE89_SQL_Injection/s02/J2785.java:9:16:9:43""]].",/src/testcases/CWE89_SQL_Injection/s02/J2785.java,19,43,19,110,CWE-74 CWE-89 CWE-564 CWE-707 CWE-943
Query built from user-controlled sources,Building a SQL or Java Persistence query from user-controlled sources is vulnerable to insertion of malicious code by the user.,error,"This query depends on a [[""user-provided value""|""relative:///src/testcases/CWE89_SQL_Injection/s02/J2787.java:9:16:9:43""]].",/src/testcases/CWE89_SQL_Injection/s02/J2787.java,16,51,16,97,CWE-74 CWE-89 CWE-564 CWE-707 CWE-943
Query built from user-controlled sources,Building a SQL or Java Persistence query from user-controlled sources is vulnerable to insertion of malicious code by the user.,error,"This query depends on a [[""user-provided value""|""relative:///src/testcases/CWE89_SQL_Injection/s03/J2789.java:9:16:9:43""]].",/src/testcases/CWE89_SQL_Injection/s03/J2789.java,15,55,15,127,CWE-74 CWE-89 CWE-564 CWE-707 CWE-943
Query built from user-controlled sources,Building a SQL or Java Persistence query from user-controlled sources is vulnerable to insertion of malicious code by the user.,error,"This query depends on a [[""user-provided value""|""relative:///src/testcases/CWE89_SQL_Injection/s03/J2791.java:9:16:9:43""]].",/src/testcases/CWE89_SQL_Injection/s03/J2791.java,15,51,15,123,CWE-74 CWE-89 CWE-564 CWE-707 CWE-943
Query built from user-controlled sources,Building a SQL or Java Persistence query from user-controlled sources is vulnerable to insertion of malicious code by the user.,error,"This query depends on a [[""user-provided value""|""relative:///src/testcases/CWE89_SQL_Injection/s03/J2793.java:9:16:9:43""]].",/src/testcases/CWE89_SQL_Injection/s03/J2793.java,14,58,14,130,CWE-74 CWE-89 CWE-564 CWE-707 CWE-943
Query built from user-controlled sources,Building a SQL or Java Persistence query from user-controlled sources is vulnerable to insertion of malicious code by the user.,error,"This query depends on a [[""user-provided value""|""relative:///src/testcases/CWE89_SQL_Injection/s03/J2795.java:12:61:12:84""]].",/src/testcases/CWE89_SQL_Injection/s03/J2795.java,30,43,30,110,CWE-74 CWE-89 CWE-564 CWE-707 CWE-943
Query built from user-controlled sources,Building a SQL or Java Persistence query from user-controlled sources is vulnerable to insertion of malicious code by the user.,error,"This query depends on a [[""user-provided value""|""relative:///src/testcases/CWE89_SQL_Injection/s03/J2797.java:12:61:12:84""]].",/src/testcases/CWE89_SQL_Injection/s03/J2797.java,27,51,27,97,CWE-74 CWE-89 CWE-564 CWE-707 CWE-943
Query built from user-controlled sources,Building a SQL or Java Persistence query from user-controlled sources is vulnerable to insertion of malicious code by the user.,error,"This query depends on a [[""user-provided value""|""relative:///src/testcases/CWE89_SQL_Injection/s03/J2799.java:12:61:12:84""]].",/src/testcases/CWE89_SQL_Injection/s03/J2799.java,26,55,26,127,CWE-74 CWE-89 CWE-564 CWE-707 CWE-943
Query built from user-controlled sources,Building a SQL or Java Persistence query from user-controlled sources is vulnerable to insertion of malicious code by the user.,error,"This query depends on a [[""user-provided value""|""relative:///src/testcases/CWE89_SQL_Injection/s03/J2801.java:12:61:12:84""]].",/src/testcases/CWE89_SQL_Injection/s03/J2801.java,26,51,26,123,CWE-74 CWE-89 CWE-564 CWE-707 CWE-943
Query built from user-controlled sources,Building a SQL or Java Persistence query from user-controlled sources is vulnerable to insertion of malicious code by the user.,error,"This query depends on a [[""user-provided value""|""relative:///src/testcases/CWE89_SQL_Injection/s03/J2803.java:12:61:12:84""]].",/src/testcases/CWE89_SQL_Injection/s03/J2803.java,25,58,25,130,CWE-74 CWE-89 CWE-564 CWE-707 CWE-943
Query built from user-controlled sources,Building a SQL or Java Persistence query from user-controlled sources is vulnerable to insertion of malicious code by the user.,error,"This query depends on a [[""user-provided value""|""relative:///src/testcases/CWE89_SQL_Injection/s03/J2805.java:23:59:23:81""]].",/src/testcases/CWE89_SQL_Injection/s03/J2805.java,68,43,68,110,CWE-74 CWE-89 CWE-564 CWE-707 CWE-943
Query built from user-controlled sources,Building a SQL or Java Persistence query from user-controlled sources is vulnerable to insertion of malicious code by the user.,error,"This query depends on a [[""user-provided value""|""relative:///src/testcases/CWE89_SQL_Injection/s03/J2807.java:23:59:23:81""]].",/src/testcases/CWE89_SQL_Injection/s03/J2807.java,65,51,65,97,CWE-74 CWE-89 CWE-564 CWE-707 CWE-943
Query built from user-controlled sources,Building a SQL or Java Persistence query from user-controlled sources is vulnerable to insertion of malicious code by the user.,error,"This query depends on a [[""user-provided value""|""relative:///src/testcases/CWE89_SQL_Injection/s03/J2809.java:23:59:23:81""]].",/src/testcases/CWE89_SQL_Injection/s03/J2809.java,64,55,64,127,CWE-74 CWE-89 CWE-564 CWE-707 CWE-943
Query built from user-controlled sources,Building a SQL or Java Persistence query from user-controlled sources is vulnerable to insertion of malicious code by the user.,error,"This query depends on a [[""user-provided value""|""relative:///src/testcases/CWE89_SQL_Injection/s03/J2811.java:23:59:23:81""]].",/src/testcases/CWE89_SQL_Injection/s03/J2811.java,64,51,64,123,CWE-74 CWE-89 CWE-564 CWE-707 CWE-943
Query built from user-controlled sources,Building a SQL or Java Persistence query from user-controlled sources is vulnerable to insertion of malicious code by the user.,error,"This query depends on a [[""user-provided value""|""relative:///src/testcases/CWE89_SQL_Injection/s03/J2813.java:23:59:23:81""]].",/src/testcases/CWE89_SQL_Injection/s03/J2813.java,63,58,63,130,CWE-74 CWE-89 CWE-564 CWE-707 CWE-943
Query built from user-controlled sources,Building a SQL or Java Persistence query from user-controlled sources is vulnerable to insertion of malicious code by the user.,error,"This query depends on a [[""user-provided value""|""relative:///src/testcases/CWE89_SQL_Injection/s04/J2835.java:20:59:20:88""]].",/src/testcases/CWE89_SQL_Injection/s04/J2835.java,51,43,51,110,CWE-74 CWE-89 CWE-564 CWE-707 CWE-943
Query built from user-controlled sources,Building a SQL or Java Persistence query from user-controlled sources is vulnerable to insertion of malicious code by the user.,error,"This query depends on a [[""user-provided value""|""relative:///src/testcases/CWE89_SQL_Injection/s04/J2837.java:20:59:20:88""]].",/src/testcases/CWE89_SQL_Injection/s04/J2837.java,48,51,48,97,CWE-74 CWE-89 CWE-564 CWE-707 CWE-943
Query built from user-controlled sources,Building a SQL or Java Persistence query from user-controlled sources is vulnerable to insertion of malicious code by the user.,error,"This query depends on a [[""user-provided value""|""relative:///src/testcases/CWE89_SQL_Injection/s04/J2839.java:20:59:20:88""]].",/src/testcases/CWE89_SQL_Injection/s04/J2839.java,47,55,47,127,CWE-74 CWE-89 CWE-564 CWE-707 CWE-943
Query built from user-controlled sources,Building a SQL or Java Persistence query from user-controlled sources is vulnerable to insertion of malicious code by the user.,error,"This query depends on a [[""user-provided value""|""relative:///src/testcases/CWE89_SQL_Injection/s04/J2841.java:20:59:20:88""]].",/src/testcases/CWE89_SQL_Injection/s04/J2841.java,47,51,47,123,CWE-74 CWE-89 CWE-564 CWE-707 CWE-943
Query built from user-controlled sources,Building a SQL or Java Persistence query from user-controlled sources is vulnerable to insertion of malicious code by the user.,error,"This query depends on a [[""user-provided value""|""relative:///src/testcases/CWE89_SQL_Injection/s04/J2843.java:20:59:20:88""]].",/src/testcases/CWE89_SQL_Injection/s04/J2843.java,46,58,46,130,CWE-74 CWE-89 CWE-564 CWE-707 CWE-943
LDAP query built from user-controlled sources,Building an LDAP query from user-controlled sources is vulnerable to insertion of malicious LDAP code by the user.,error,"This LDAP query depends on a [[""user-provided value""|""relative:///src/testcases/CWE90_LDAP_Injection/J2845.java:22:59:22:81""]].",/src/testcases/CWE90_LDAP_Injection/J2845.java,58,82,58,87,CWE-74 CWE-90 CWE-707 CWE-943
LDAP query built from user-controlled sources,Building an LDAP query from user-controlled sources is vulnerable to insertion of malicious LDAP code by the user.,error,"This LDAP query depends on a [[""user-provided value""|""relative:///src/testcases/CWE90_LDAP_Injection/J2855.java:15:24:15:50""]].",/src/testcases/CWE90_LDAP_Injection/J2855.java,25,82,25,87,CWE-74 CWE-90 CWE-707 CWE-943
LDAP query built from user-controlled sources,Building an LDAP query from user-controlled sources is vulnerable to insertion of malicious LDAP code by the user.,error,"This LDAP query depends on a [[""user-provided value""|""relative:///src/testcases/CWE90_LDAP_Injection/J2857.java:11:16:11:43""]].",/src/testcases/CWE90_LDAP_Injection/J2857.java,19,82,19,87,CWE-74 CWE-90 CWE-707 CWE-943
LDAP query built from user-controlled sources,Building an LDAP query from user-controlled sources is vulnerable to insertion of malicious LDAP code by the user.,error,"This LDAP query depends on a [[""user-provided value""|""relative:///src/testcases/CWE90_LDAP_Injection/J2859.java:14:61:14:84""]].",/src/testcases/CWE90_LDAP_Injection/J2859.java,30,82,30,87,CWE-74 CWE-90 CWE-707 CWE-943
LDAP query built from user-controlled sources,Building an LDAP query from user-controlled sources is vulnerable to insertion of malicious LDAP code by the user.,error,"This LDAP query depends on a [[""user-provided value""|""relative:///src/testcases/CWE90_LDAP_Injection/J2861.java:25:59:25:81""]].",/src/testcases/CWE90_LDAP_Injection/J2861.java,68,82,68,87,CWE-74 CWE-90 CWE-707 CWE-943
LDAP query built from user-controlled sources,Building an LDAP query from user-controlled sources is vulnerable to insertion of malicious LDAP code by the user.,error,"This LDAP query depends on a [[""user-provided value""|""relative:///src/testcases/CWE90_LDAP_Injection/J2867.java:22:59:22:88""]].",/src/testcases/CWE90_LDAP_Injection/J2867.java,51,82,51,87,CWE-74 CWE-90 CWE-707 CWE-943
HTTP response splitting,Writing user input directly to an HTTP header makes code vulnerable to attack by header splitting.,error,"This header depends on a [[""user-provided value""|""relative:///src/testcases/CWE113_HTTP_Response_Splitting/s01/J1002.java:20:59:20:81""]], which may cause a response-splitting vulnerability.",/src/testcases/CWE113_HTTP_Response_Splitting/s01/J1002.java,51,32,51,39,CWE-74 CWE-93 CWE-113 CWE-707
HTTP response splitting,Writing user input directly to an HTTP header makes code vulnerable to attack by header splitting.,error,"This header depends on a [[""user-provided value""|""relative:///src/testcases/CWE113_HTTP_Response_Splitting/s01/J1004.java:20:59:20:81""]], which may cause a response-splitting vulnerability.",/src/testcases/CWE113_HTTP_Response_Splitting/s01/J1004.java,50,44,50,69,CWE-74 CWE-93 CWE-113 CWE-707
HTTP response splitting,Writing user input directly to an HTTP header makes code vulnerable to attack by header splitting.,error,"This header depends on a [[""user-provided value""|""relative:///src/testcases/CWE113_HTTP_Response_Splitting/s01/J1006.java:20:59:20:81""]], which may cause a response-splitting vulnerability.",/src/testcases/CWE113_HTTP_Response_Splitting/s01/J1006.java,50,44,50,69,CWE-74 CWE-93 CWE-113 CWE-707
HTTP response splitting,Writing user input directly to an HTTP header makes code vulnerable to attack by header splitting.,error,"This header depends on a [[""user-provided value""|""relative:///src/testcases/CWE113_HTTP_Response_Splitting/s01/J1032.java:12:24:12:50""]], which may cause a response-splitting vulnerability.",/src/testcases/CWE113_HTTP_Response_Splitting/s01/J1032.java,17,32,17,39,CWE-74 CWE-93 CWE-113 CWE-707
HTTP response splitting,Writing user input directly to an HTTP header makes code vulnerable to attack by header splitting.,error,"This header depends on a [[""user-provided value""|""relative:///src/testcases/CWE113_HTTP_Response_Splitting/s02/J1034.java:12:24:12:50""]], which may cause a response-splitting vulnerability.",/src/testcases/CWE113_HTTP_Response_Splitting/s02/J1034.java,16,44,16,69,CWE-74 CWE-93 CWE-113 CWE-707
HTTP response splitting,Writing user input directly to an HTTP header makes code vulnerable to attack by header splitting.,error,"This header depends on a [[""user-provided value""|""relative:///src/testcases/CWE113_HTTP_Response_Splitting/s02/J1036.java:12:24:12:50""]], which may cause a response-splitting vulnerability.",/src/testcases/CWE113_HTTP_Response_Splitting/s02/J1036.java,16,44,16,69,CWE-74 CWE-93 CWE-113 CWE-707
HTTP response splitting,Writing user input directly to an HTTP header makes code vulnerable to attack by header splitting.,error,"This header depends on a [[""user-provided value""|""relative:///src/testcases/CWE113_HTTP_Response_Splitting/s02/J1038.java:8:16:8:43""]], which may cause a response-splitting vulnerability.",/src/testcases/CWE113_HTTP_Response_Splitting/s02/J1038.java,11,32,11,39,CWE-74 CWE-93 CWE-113 CWE-707
HTTP response splitting,Writing user input directly to an HTTP header makes code vulnerable to attack by header splitting.,error,"This header depends on a [[""user-provided value""|""relative:///src/testcases/CWE113_HTTP_Response_Splitting/s02/J1040.java:8:16:8:43""]], which may cause a response-splitting vulnerability.",/src/testcases/CWE113_HTTP_Response_Splitting/s02/J1040.java,10,44,10,69,CWE-74 CWE-93 CWE-113 CWE-707
HTTP response splitting,Writing user input directly to an HTTP header makes code vulnerable to attack by header splitting.,error,"This header depends on a [[""user-provided value""|""relative:///src/testcases/CWE113_HTTP_Response_Splitting/s02/J1042.java:8:16:8:43""]], which may cause a response-splitting vulnerability.",/src/testcases/CWE113_HTTP_Response_Splitting/s02/J1042.java,10,44,10,69,CWE-74 CWE-93 CWE-113 CWE-707
HTTP response splitting,Writing user input directly to an HTTP header makes code vulnerable to attack by header splitting.,error,"This header depends on a [[""user-provided value""|""relative:///src/testcases/CWE113_HTTP_Response_Splitting/s02/J1044.java:11:61:11:84""]], which may cause a response-splitting vulnerability.",/src/testcases/CWE113_HTTP_Response_Splitting/s02/J1044.java,22,32,22,39,CWE-74 CWE-93 CWE-113 CWE-707
HTTP response splitting,Writing user input directly to an HTTP header makes code vulnerable to attack by header splitting.,error,"This header depends on a [[""user-provided value""|""relative:///src/testcases/CWE113_HTTP_Response_Splitting/s02/J1046.java:11:61:11:84""]], which may cause a response-splitting vulnerability.",/src/testcases/CWE113_HTTP_Response_Splitting/s02/J1046.java,21,44,21,69,CWE-74 CWE-93 CWE-113 CWE-707
HTTP response splitting,Writing user input directly to an HTTP header makes code vulnerable to attack by header splitting.,error,"This header depends on a [[""user-provided value""|""relative:///src/testcases/CWE113_HTTP_Response_Splitting/s02/J1048.java:11:61:11:84""]], which may cause a response-splitting vulnerability.",/src/testcases/CWE113_HTTP_Response_Splitting/s02/J1048.java,21,44,21,69,CWE-74 CWE-93 CWE-113 CWE-707
HTTP response splitting,Writing user input directly to an HTTP header makes code vulnerable to attack by header splitting.,error,"This header depends on a [[""user-provided value""|""relative:///src/testcases/CWE113_HTTP_Response_Splitting/s02/J1050.java:23:59:23:81""]], which may cause a response-splitting vulnerability.",/src/testcases/CWE113_HTTP_Response_Splitting/s02/J1050.java,61,32,61,39,CWE-74 CWE-93 CWE-113 CWE-707
HTTP response splitting,Writing user input directly to an HTTP header makes code vulnerable to attack by header splitting.,error,"This header depends on a [[""user-provided value""|""relative:///src/testcases/CWE113_HTTP_Response_Splitting/s02/J1052.java:23:59:23:81""]], which may cause a response-splitting vulnerability.",/src/testcases/CWE113_HTTP_Response_Splitting/s02/J1052.java,60,44,60,69,CWE-74 CWE-93 CWE-113 CWE-707
HTTP response splitting,Writing user input directly to an HTTP header makes code vulnerable to attack by header splitting.,error,"This header depends on a [[""user-provided value""|""relative:///src/testcases/CWE113_HTTP_Response_Splitting/s02/J1054.java:23:59:23:81""]], which may cause a response-splitting vulnerability.",/src/testcases/CWE113_HTTP_Response_Splitting/s02/J1054.java,60,44,60,69,CWE-74 CWE-93 CWE-113 CWE-707
HTTP response splitting,Writing user input directly to an HTTP header makes code vulnerable to attack by header splitting.,error,"This header depends on a [[""user-provided value""|""relative:///src/testcases/CWE113_HTTP_Response_Splitting/s03/J1068.java:20:59:20:88""]], which may cause a response-splitting vulnerability.",/src/testcases/CWE113_HTTP_Response_Splitting/s03/J1068.java,44,32,44,39,CWE-74 CWE-93 CWE-113 CWE-707
HTTP response splitting,Writing user input directly to an HTTP header makes code vulnerable to attack by header splitting.,error,"This header depends on a [[""user-provided value""|""relative:///src/testcases/CWE113_HTTP_Response_Splitting/s03/J1070.java:20:59:20:88""]], which may cause a response-splitting vulnerability.",/src/testcases/CWE113_HTTP_Response_Splitting/s03/J1070.java,43,44,43,69,CWE-74 CWE-93 CWE-113 CWE-707
HTTP response splitting,Writing user input directly to an HTTP header makes code vulnerable to attack by header splitting.,error,"This header depends on a [[""user-provided value""|""relative:///src/testcases/CWE113_HTTP_Response_Splitting/s03/J1072.java:20:59:20:88""]], which may cause a response-splitting vulnerability.",/src/testcases/CWE113_HTTP_Response_Splitting/s03/J1072.java,43,44,43,69,CWE-74 CWE-93 CWE-113 CWE-707
Using a static initialization vector for encryption,"An initialization vector (IV) used for ciphers of certain modes (such as CBC or GCM) should be unique and unpredictable, to maximize encryption and prevent dictionary attacks.",warning,"A [[""static initialization vector""|""relative:///src/testcases/CWE329_Not_Using_Random_IV_with_CBC_Mode/J1848.java:14:17:17:17""]] should not be used for encryption.",/src/testcases/CWE329_Not_Using_Random_IV_with_CBC_Mode/J1848.java,23,47,23,61,CWE-227 CWE-329 CWE-330 CWE-573 CWE-710 CWE-1204
Use of externally-controlled format string,Using external input in format strings can lead to exceptions or information leaks.,error,"Format string depends on a [[""user-provided value""|""relative:///src/testcases/CWE134_Uncontrolled_Format_String/s01/J1220.java:18:59:18:81""]].",/src/testcases/CWE134_Uncontrolled_Format_String/s01/J1220.java,48,31,48,34,CWE-74 CWE-134 CWE-707
Use of externally-controlled format string,Using external input in format strings can lead to exceptions or information leaks.,error,"Format string depends on a [[""user-provided value""|""relative:///src/testcases/CWE134_Uncontrolled_Format_String/s01/J1222.java:18:59:18:81""]].",/src/testcases/CWE134_Uncontrolled_Format_String/s01/J1222.java,48,31,48,34,CWE-74 CWE-134 CWE-707
Use of externally-controlled format string,Using external input in format strings can lead to exceptions or information leaks.,error,"Format string depends on a [[""user-provided value""|""relative:///src/testcases/CWE134_Uncontrolled_Format_String/s01/J1240.java:21:59:21:81""]].",/src/testcases/CWE134_Uncontrolled_Format_String/s01/J1240.java,58,31,58,34,CWE-74 CWE-134 CWE-707
Use of externally-controlled format string,Using external input in format strings can lead to exceptions or information leaks.,error,"Format string depends on a [[""user-provided value""|""relative:///src/testcases/CWE134_Uncontrolled_Format_String/s01/J1242.java:21:59:21:81""]].",/src/testcases/CWE134_Uncontrolled_Format_String/s01/J1242.java,58,31,58,34,CWE-74 CWE-134 CWE-707
Use of externally-controlled format string,Using external input in format strings can lead to exceptions or information leaks.,error,"Format string depends on a [[""user-provided value""|""relative:///src/testcases/CWE134_Uncontrolled_Format_String/s02/J1252.java:18:59:18:88""]].",/src/testcases/CWE134_Uncontrolled_Format_String/s02/J1252.java,41,31,41,34,CWE-74 CWE-134 CWE-707
Use of externally-controlled format string,Using external input in format strings can lead to exceptions or information leaks.,error,"Format string depends on a [[""user-provided value""|""relative:///src/testcases/CWE134_Uncontrolled_Format_String/s02/J1254.java:18:59:18:88""]].",/src/testcases/CWE134_Uncontrolled_Format_String/s02/J1254.java,41,31,41,34,CWE-74 CWE-134 CWE-707
Information exposure through a stack trace,Information from a stack trace propagates to an external user. Stack traces can unintentionally reveal implementation details that are useful to an attacker for developing a subsequent exploit.,error,"[[""Error information""|""relative:///src/testcases/CWE209_Information_Leak_Error/J1768.java:9:13:9:38""]] can be exposed to an external user.",/src/testcases/CWE209_Information_Leak_Error/J1768.java,9,13,9,76,CWE-200 CWE-209 CWE-497 CWE-664 CWE-668 CWE-703 CWE-755
Information exposure through a stack trace,Information from a stack trace propagates to an external user. Stack traces can unintentionally reveal implementation details that are useful to an attacker for developing a subsequent exploit.,error,"[[""Error information""|""relative:///src/testcasesupport/AbstractTestCaseServlet.java:60:73:60:103""]] can be exposed to an external user.",/src/testcasesupport/AbstractTestCaseServlet.java,60,42,60,103,CWE-200 CWE-209 CWE-497 CWE-664 CWE-668 CWE-703 CWE-755
Information exposure through a stack trace,Information from a stack trace propagates to an external user. Stack traces can unintentionally reveal implementation details that are useful to an attacker for developing a subsequent exploit.,error,"[[""Error information""|""relative:///src/testcasesupport/AbstractTestCaseServlet.java:82:73:82:103""]] can be exposed to an external user.",/src/testcasesupport/AbstractTestCaseServlet.java,82,42,82,103,CWE-200 CWE-209 CWE-497 CWE-664 CWE-668 CWE-703 CWE-755
Information exposure through a stack trace,Information from a stack trace propagates to an external user. Stack traces can unintentionally reveal implementation details that are useful to an attacker for developing a subsequent exploit.,error,"[[""Error information""|""relative:///src/testcasesupport/AbstractTestCaseServletBOnly.java:55:73:55:103""]] can be exposed to an external user.",/src/testcasesupport/AbstractTestCaseServletBOnly.java,55,42,55,103,CWE-200 CWE-209 CWE-497 CWE-664 CWE-668 CWE-703 CWE-755
Cleartext storage of sensitive information in cookie,Storing sensitive information in cleartext can expose it to an attacker.,error,"This stores cookie [[""new Cookie(...)""|""relative:///src/testcases/CWE315_Plaintext_Storage_in_Cookie/J1810.java:11:28:11:51""]] containing [[""sensitive data""|""relative:///src/testcases/CWE315_Plaintext_Storage_in_Cookie/J1810.java:10:62:10:86""]] which was [[""added to the cookie""|""relative:///src/testcases/CWE315_Plaintext_Storage_in_Cookie/J1810.java:11:47:11:50""]].",/src/testcases/CWE315_Plaintext_Storage_in_Cookie/J1810.java,11,9,11,52,CWE-311 CWE-312 CWE-315 CWE-664 CWE-693 CWE-922
Use of a broken or risky cryptographic algorithm,Using broken or weak cryptographic algorithms can allow an attacker to compromise security.,warning,"Cryptographic algorithm [[""DESede""|""relative:///src/testcases/CWE327_Use_Broken_Crypto/J1838.java:10:62:10:69""]] is weak and should not be used.",/src/testcases/CWE327_Use_Broken_Crypto/J1838.java,10,37,10,70,CWE-326 CWE-327 CWE-328 CWE-693
Use of a broken or risky cryptographic algorithm,Using broken or weak cryptographic algorithms can allow an attacker to compromise security.,warning,"Cryptographic algorithm [[""DESede""|""relative:///src/testcases/CWE327_Use_Broken_Crypto/J1838.java:14:66:14:73""]] is weak and should not be used.",/src/testcases/CWE327_Use_Broken_Crypto/J1838.java,14,39,14,74,CWE-326 CWE-327 CWE-328 CWE-693
Use of a broken or risky cryptographic algorithm,Using broken or weak cryptographic algorithms can allow an attacker to compromise security.,warning,"Cryptographic algorithm [[""DESede""|""relative:///src/testcases/CWE327_Use_Broken_Crypto/J1838.java:15:53:15:60""]] is weak and should not be used.",/src/testcases/CWE327_Use_Broken_Crypto/J1838.java,15,34,15,61,CWE-326 CWE-327 CWE-328 CWE-693
Use of a broken or risky cryptographic algorithm,Using broken or weak cryptographic algorithms can allow an attacker to compromise security.,warning,"Cryptographic algorithm [[""DES""|""relative:///src/testcases/CWE327_Use_Broken_Crypto/J1840.java:10:62:10:66""]] is weak and should not be used.",/src/testcases/CWE327_Use_Broken_Crypto/J1840.java,10,37,10,67,CWE-326 CWE-327 CWE-328 CWE-693
Use of a broken or risky cryptographic algorithm,Using broken or weak cryptographic algorithms can allow an attacker to compromise security.,warning,"Cryptographic algorithm [[""DES""|""relative:///src/testcases/CWE327_Use_Broken_Crypto/J1840.java:14:66:14:70""]] is weak and should not be used.",/src/testcases/CWE327_Use_Broken_Crypto/J1840.java,14,39,14,71,CWE-326 CWE-327 CWE-328 CWE-693
Use of a broken or risky cryptographic algorithm,Using broken or weak cryptographic algorithms can allow an attacker to compromise security.,warning,"Cryptographic algorithm [[""DES""|""relative:///src/testcases/CWE327_Use_Broken_Crypto/J1840.java:15:47:15:51""]] is weak and should not be used.",/src/testcases/CWE327_Use_Broken_Crypto/J1840.java,15,28,15,52,CWE-326 CWE-327 CWE-328 CWE-693
Use of a broken or risky cryptographic algorithm,Using broken or weak cryptographic algorithms can allow an attacker to compromise security.,warning,"Cryptographic algorithm [[""MD5""|""relative:///src/testcases/CWE328_Reversible_One_Way_Hash/J1844.java:7:65:7:69""]] is weak and should not be used.",/src/testcases/CWE328_Reversible_One_Way_Hash/J1844.java,7,39,7,70,CWE-326 CWE-327 CWE-328 CWE-693
Use of a broken or risky cryptographic algorithm,Using broken or weak cryptographic algorithms can allow an attacker to compromise security.,warning,"Cryptographic algorithm [[""SHA1""|""relative:///src/testcases/CWE328_Reversible_One_Way_Hash/J1846.java:7:65:7:70""]] is weak and should not be used.",/src/testcases/CWE328_Reversible_One_Way_Hash/J1846.java,7,39,7,71,CWE-326 CWE-327 CWE-328 CWE-693
Use of a broken or risky cryptographic algorithm,Using broken or weak cryptographic algorithms can allow an attacker to compromise security.,warning,"Cryptographic algorithm [[""AES/CBC/PKCS5Padding""|""relative:///src/testcases/CWE329_Not_Using_Random_IV_with_CBC_Mode/J1848.java:21:44:21:65""]] is weak and should not be used.",/src/testcases/CWE329_Not_Using_Random_IV_with_CBC_Mode/J1848.java,21,25,21,66,CWE-326 CWE-327 CWE-328 CWE-693
Use of a broken or risky cryptographic algorithm,Using broken or weak cryptographic algorithms can allow an attacker to compromise security.,warning,"Cryptographic algorithm [[""AES/CBC/PKCS5Padding""|""relative:///src/testcases/CWE329_Not_Using_Random_IV_with_CBC_Mode/J1849.java:19:44:19:65""]] is weak and should not be used.",/src/testcases/CWE329_Not_Using_Random_IV_with_CBC_Mode/J1849.java,19,25,19,66,CWE-326 CWE-327 CWE-328 CWE-693
Use of a predictable seed in a secure random number generator,Using a predictable seed in a pseudo-random number generator can lead to predictability of the numbers generated by it.,error,"Usage of a SecureRandom number generator seeded with a [[""predictable value""|""relative:///src/testcases/CWE336_Same_Seed_in_PRNG/J1850.java:6:29:6:68""]].",/src/testcases/CWE336_Same_Seed_in_PRNG/J1850.java,9,27,9,48,CWE-330 CWE-335 CWE-337
URL redirection from remote source,URL redirection based on unvalidated user-input may cause redirection to malicious web sites.,error,"Untrusted URL redirection depends on a [[""user-provided value""|""relative:///src/testcases/CWE113_HTTP_Response_Splitting/s01/J1004.java:20:59:20:81""]].",/src/testcases/CWE113_HTTP_Response_Splitting/s01/J1004.java,50,44,50,69,CWE-601 CWE-610 CWE-664
URL redirection from remote source,URL redirection based on unvalidated user-input may cause redirection to malicious web sites.,error,"Untrusted URL redirection depends on a [[""user-provided value""|""relative:///src/testcases/CWE113_HTTP_Response_Splitting/s01/J1006.java:20:59:20:81""]].",/src/testcases/CWE113_HTTP_Response_Splitting/s01/J1006.java,50,44,50,69,CWE-601 CWE-610 CWE-664
URL redirection from remote source,URL redirection based on unvalidated user-input may cause redirection to malicious web sites.,error,"Untrusted URL redirection depends on a [[""user-provided value""|""relative:///src/testcases/CWE113_HTTP_Response_Splitting/s02/J1034.java:12:24:12:50""]].",/src/testcases/CWE113_HTTP_Response_Splitting/s02/J1034.java,16,44,16,69,CWE-601 CWE-610 CWE-664
URL redirection from remote source,URL redirection based on unvalidated user-input may cause redirection to malicious web sites.,error,"Untrusted URL redirection depends on a [[""user-provided value""|""relative:///src/testcases/CWE113_HTTP_Response_Splitting/s02/J1036.java:12:24:12:50""]].",/src/testcases/CWE113_HTTP_Response_Splitting/s02/J1036.java,16,44,16,69,CWE-601 CWE-610 CWE-664
URL redirection from remote source,URL redirection based on unvalidated user-input may cause redirection to malicious web sites.,error,"Untrusted URL redirection depends on a [[""user-provided value""|""relative:///src/testcases/CWE113_HTTP_Response_Splitting/s02/J1040.java:8:16:8:43""]].",/src/testcases/CWE113_HTTP_Response_Splitting/s02/J1040.java,10,44,10,69,CWE-601 CWE-610 CWE-664
URL redirection from remote source,URL redirection based on unvalidated user-input may cause redirection to malicious web sites.,error,"Untrusted URL redirection depends on a [[""user-provided value""|""relative:///src/testcases/CWE113_HTTP_Response_Splitting/s02/J1042.java:8:16:8:43""]].",/src/testcases/CWE113_HTTP_Response_Splitting/s02/J1042.java,10,44,10,69,CWE-601 CWE-610 CWE-664
URL redirection from remote source,URL redirection based on unvalidated user-input may cause redirection to malicious web sites.,error,"Untrusted URL redirection depends on a [[""user-provided value""|""relative:///src/testcases/CWE113_HTTP_Response_Splitting/s02/J1046.java:11:61:11:84""]].",/src/testcases/CWE113_HTTP_Response_Splitting/s02/J1046.java,21,44,21,69,CWE-601 CWE-610 CWE-664
URL redirection from remote source,URL redirection based on unvalidated user-input may cause redirection to malicious web sites.,error,"Untrusted URL redirection depends on a [[""user-provided value""|""relative:///src/testcases/CWE113_HTTP_Response_Splitting/s02/J1048.java:11:61:11:84""]].",/src/testcases/CWE113_HTTP_Response_Splitting/s02/J1048.java,21,44,21,69,CWE-601 CWE-610 CWE-664
URL redirection from remote source,URL redirection based on unvalidated user-input may cause redirection to malicious web sites.,error,"Untrusted URL redirection depends on a [[""user-provided value""|""relative:///src/testcases/CWE113_HTTP_Response_Splitting/s02/J1052.java:23:59:23:81""]].",/src/testcases/CWE113_HTTP_Response_Splitting/s02/J1052.java,60,44,60,69,CWE-601 CWE-610 CWE-664
URL redirection from remote source,URL redirection based on unvalidated user-input may cause redirection to malicious web sites.,error,"Untrusted URL redirection depends on a [[""user-provided value""|""relative:///src/testcases/CWE113_HTTP_Response_Splitting/s02/J1054.java:23:59:23:81""]].",/src/testcases/CWE113_HTTP_Response_Splitting/s02/J1054.java,60,44,60,69,CWE-601 CWE-610 CWE-664
URL redirection from remote source,URL redirection based on unvalidated user-input may cause redirection to malicious web sites.,error,"Untrusted URL redirection depends on a [[""user-provided value""|""relative:///src/testcases/CWE113_HTTP_Response_Splitting/s03/J1070.java:20:59:20:88""]].",/src/testcases/CWE113_HTTP_Response_Splitting/s03/J1070.java,43,44,43,69,CWE-601 CWE-610 CWE-664
URL redirection from remote source,URL redirection based on unvalidated user-input may cause redirection to malicious web sites.,error,"Untrusted URL redirection depends on a [[""user-provided value""|""relative:///src/testcases/CWE113_HTTP_Response_Splitting/s03/J1072.java:20:59:20:88""]].",/src/testcases/CWE113_HTTP_Response_Splitting/s03/J1072.java,43,44,43,69,CWE-601 CWE-610 CWE-664
URL redirection from remote source,URL redirection based on unvalidated user-input may cause redirection to malicious web sites.,error,"Untrusted URL redirection depends on a [[""user-provided value""|""relative:///src/testcases/CWE601_Open_Redirect/J2381.java:21:59:21:81""]].",/src/testcases/CWE601_Open_Redirect/J2381.java,58,35,58,38,CWE-601 CWE-610 CWE-664
URL redirection from remote source,URL redirection based on unvalidated user-input may cause redirection to malicious web sites.,error,"Untrusted URL redirection depends on a [[""user-provided value""|""relative:///src/testcases/CWE601_Open_Redirect/J2387.java:13:24:13:50""]].",/src/testcases/CWE601_Open_Redirect/J2387.java,24,35,24,38,CWE-601 CWE-610 CWE-664
URL redirection from remote source,URL redirection based on unvalidated user-input may cause redirection to malicious web sites.,error,"Untrusted URL redirection depends on a [[""user-provided value""|""relative:///src/testcases/CWE601_Open_Redirect/J2389.java:9:16:9:43""]].",/src/testcases/CWE601_Open_Redirect/J2389.java,18,35,18,38,CWE-601 CWE-610 CWE-664
URL redirection from remote source,URL redirection based on unvalidated user-input may cause redirection to malicious web sites.,error,"Untrusted URL redirection depends on a [[""user-provided value""|""relative:///src/testcases/CWE601_Open_Redirect/J2391.java:12:61:12:84""]].",/src/testcases/CWE601_Open_Redirect/J2391.java,29,35,29,38,CWE-601 CWE-610 CWE-664
URL redirection from remote source,URL redirection based on unvalidated user-input may cause redirection to malicious web sites.,error,"Untrusted URL redirection depends on a [[""user-provided value""|""relative:///src/testcases/CWE601_Open_Redirect/J2393.java:24:59:24:81""]].",/src/testcases/CWE601_Open_Redirect/J2393.java,68,35,68,38,CWE-601 CWE-610 CWE-664
URL redirection from remote source,URL redirection based on unvalidated user-input may cause redirection to malicious web sites.,error,"Untrusted URL redirection depends on a [[""user-provided value""|""relative:///src/testcases/CWE601_Open_Redirect/J2397.java:21:59:21:88""]].",/src/testcases/CWE601_Open_Redirect/J2397.java,51,35,51,38,CWE-601 CWE-610 CWE-664
Failure to use secure cookies,"Insecure cookies may be sent in cleartext, which makes them vulnerable to interception.",error,Cookie is added to response without the 'secure' flag being set.,/src/testcases/CWE113_HTTP_Response_Splitting/s01/J1002.java,51,13,51,40,CWE-311 CWE-614 CWE-693
Failure to use secure cookies,"Insecure cookies may be sent in cleartext, which makes them vulnerable to interception.",error,Cookie is added to response without the 'secure' flag being set.,/src/testcases/CWE113_HTTP_Response_Splitting/s01/J1003.java,20,13,20,40,CWE-311 CWE-614 CWE-693
Failure to use secure cookies,"Insecure cookies may be sent in cleartext, which makes them vulnerable to interception.",error,Cookie is added to response without the 'secure' flag being set.,/src/testcases/CWE113_HTTP_Response_Splitting/s01/J1003.java,63,13,63,40,CWE-311 CWE-614 CWE-693
Failure to use secure cookies,"Insecure cookies may be sent in cleartext, which makes them vulnerable to interception.",error,Cookie is added to response without the 'secure' flag being set.,/src/testcases/CWE113_HTTP_Response_Splitting/s01/J1008.java,41,13,41,40,CWE-311 CWE-614 CWE-693
Failure to use secure cookies,"Insecure cookies may be sent in cleartext, which makes them vulnerable to interception.",error,Cookie is added to response without the 'secure' flag being set.,/src/testcases/CWE113_HTTP_Response_Splitting/s01/J1009.java,19,13,19,40,CWE-311 CWE-614 CWE-693
Failure to use secure cookies,"Insecure cookies may be sent in cleartext, which makes them vulnerable to interception.",error,Cookie is added to response without the 'secure' flag being set.,/src/testcases/CWE113_HTTP_Response_Splitting/s01/J1009.java,53,13,53,40,CWE-311 CWE-614 CWE-693
Failure to use secure cookies,"Insecure cookies may be sent in cleartext, which makes them vulnerable to interception.",error,Cookie is added to response without the 'secure' flag being set.,/src/testcases/CWE113_HTTP_Response_Splitting/s01/J1014.java,51,13,51,40,CWE-311 CWE-614 CWE-693
Failure to use secure cookies,"Insecure cookies may be sent in cleartext, which makes them vulnerable to interception.",error,Cookie is added to response without the 'secure' flag being set.,/src/testcases/CWE113_HTTP_Response_Splitting/s01/J1015.java,20,13,20,40,CWE-311 CWE-614 CWE-693
Failure to use secure cookies,"Insecure cookies may be sent in cleartext, which makes them vulnerable to interception.",error,Cookie is added to response without the 'secure' flag being set.,/src/testcases/CWE113_HTTP_Response_Splitting/s01/J1015.java,63,13,63,40,CWE-311 CWE-614 CWE-693
Failure to use secure cookies,"Insecure cookies may be sent in cleartext, which makes them vulnerable to interception.",error,Cookie is added to response without the 'secure' flag being set.,/src/testcases/CWE113_HTTP_Response_Splitting/s01/J1020.java,11,13,11,40,CWE-311 CWE-614 CWE-693
Failure to use secure cookies,"Insecure cookies may be sent in cleartext, which makes them vulnerable to interception.",error,Cookie is added to response without the 'secure' flag being set.,/src/testcases/CWE113_HTTP_Response_Splitting/s01/J1021.java,15,13,15,40,CWE-311 CWE-614 CWE-693
Failure to use secure cookies,"Insecure cookies may be sent in cleartext, which makes them vulnerable to interception.",error,Cookie is added to response without the 'secure' flag being set.,/src/testcases/CWE113_HTTP_Response_Splitting/s01/J1021.java,23,13,23,40,CWE-311 CWE-614 CWE-693
Failure to use secure cookies,"Insecure cookies may be sent in cleartext, which makes them vulnerable to interception.",error,Cookie is added to response without the 'secure' flag being set.,/src/testcases/CWE113_HTTP_Response_Splitting/s01/J1026.java,53,13,53,40,CWE-311 CWE-614 CWE-693
Failure to use secure cookies,"Insecure cookies may be sent in cleartext, which makes them vulnerable to interception.",error,Cookie is added to response without the 'secure' flag being set.,/src/testcases/CWE113_HTTP_Response_Splitting/s01/J1027.java,21,13,21,40,CWE-311 CWE-614 CWE-693
Failure to use secure cookies,"Insecure cookies may be sent in cleartext, which makes them vulnerable to interception.",error,Cookie is added to response without the 'secure' flag being set.,/src/testcases/CWE113_HTTP_Response_Splitting/s01/J1027.java,65,13,65,40,CWE-311 CWE-614 CWE-693
Failure to use secure cookies,"Insecure cookies may be sent in cleartext, which makes them vulnerable to interception.",error,Cookie is added to response without the 'secure' flag being set.,/src/testcases/CWE113_HTTP_Response_Splitting/s01/J1032.java,17,13,17,40,CWE-311 CWE-614 CWE-693
Failure to use secure cookies,"Insecure cookies may be sent in cleartext, which makes them vulnerable to interception.",error,Cookie is added to response without the 'secure' flag being set.,/src/testcases/CWE113_HTTP_Response_Splitting/s01/J1033.java,15,13,15,40,CWE-311 CWE-614 CWE-693
Failure to use secure cookies,"Insecure cookies may be sent in cleartext, which makes them vulnerable to interception.",error,Cookie is added to response without the 'secure' flag being set.,/src/testcases/CWE113_HTTP_Response_Splitting/s01/J1033.java,29,13,29,40,CWE-311 CWE-614 CWE-693
Failure to use secure cookies,"Insecure cookies may be sent in cleartext, which makes them vulnerable to interception.",error,Cookie is added to response without the 'secure' flag being set.,/src/testcases/CWE113_HTTP_Response_Splitting/s02/J1038.java,11,13,11,40,CWE-311 CWE-614 CWE-693
Failure to use secure cookies,"Insecure cookies may be sent in cleartext, which makes them vulnerable to interception.",error,Cookie is added to response without the 'secure' flag being set.,/src/testcases/CWE113_HTTP_Response_Splitting/s02/J1039.java,15,13,15,40,CWE-311 CWE-614 CWE-693
Failure to use secure cookies,"Insecure cookies may be sent in cleartext, which makes them vulnerable to interception.",error,Cookie is added to response without the 'secure' flag being set.,/src/testcases/CWE113_HTTP_Response_Splitting/s02/J1039.java,23,13,23,40,CWE-311 CWE-614 CWE-693
Failure to use secure cookies,"Insecure cookies may be sent in cleartext, which makes them vulnerable to interception.",error,Cookie is added to response without the 'secure' flag being set.,/src/testcases/CWE113_HTTP_Response_Splitting/s02/J1044.java,22,13,22,40,CWE-311 CWE-614 CWE-693
Failure to use secure cookies,"Insecure cookies may be sent in cleartext, which makes them vulnerable to interception.",error,Cookie is added to response without the 'secure' flag being set.,/src/testcases/CWE113_HTTP_Response_Splitting/s02/J1045.java,16,13,16,40,CWE-311 CWE-614 CWE-693
Failure to use secure cookies,"Insecure cookies may be sent in cleartext, which makes them vulnerable to interception.",error,Cookie is added to response without the 'secure' flag being set.,/src/testcases/CWE113_HTTP_Response_Splitting/s02/J1045.java,34,13,34,40,CWE-311 CWE-614 CWE-693
Failure to use secure cookies,"Insecure cookies may be sent in cleartext, which makes them vulnerable to interception.",error,Cookie is added to response without the 'secure' flag being set.,/src/testcases/CWE113_HTTP_Response_Splitting/s02/J1050.java,61,13,61,40,CWE-311 CWE-614 CWE-693
Failure to use secure cookies,"Insecure cookies may be sent in cleartext, which makes them vulnerable to interception.",error,Cookie is added to response without the 'secure' flag being set.,/src/testcases/CWE113_HTTP_Response_Splitting/s02/J1051.java,21,13,21,40,CWE-311 CWE-614 CWE-693
Failure to use secure cookies,"Insecure cookies may be sent in cleartext, which makes them vulnerable to interception.",error,Cookie is added to response without the 'secure' flag being set.,/src/testcases/CWE113_HTTP_Response_Splitting/s02/J1051.java,73,13,73,40,CWE-311 CWE-614 CWE-693
Failure to use secure cookies,"Insecure cookies may be sent in cleartext, which makes them vulnerable to interception.",error,Cookie is added to response without the 'secure' flag being set.,/src/testcases/CWE113_HTTP_Response_Splitting/s02/J1056.java,34,13,34,40,CWE-311 CWE-614 CWE-693
Failure to use secure cookies,"Insecure cookies may be sent in cleartext, which makes them vulnerable to interception.",error,Cookie is added to response without the 'secure' flag being set.,/src/testcases/CWE113_HTTP_Response_Splitting/s02/J1057.java,19,13,19,40,CWE-311 CWE-614 CWE-693
Failure to use secure cookies,"Insecure cookies may be sent in cleartext, which makes them vulnerable to interception.",error,Cookie is added to response without the 'secure' flag being set.,/src/testcases/CWE113_HTTP_Response_Splitting/s02/J1057.java,46,13,46,40,CWE-311 CWE-614 CWE-693
Failure to use secure cookies,"Insecure cookies may be sent in cleartext, which makes them vulnerable to interception.",error,Cookie is added to response without the 'secure' flag being set.,/src/testcases/CWE113_HTTP_Response_Splitting/s02/J1062.java,11,13,11,40,CWE-311 CWE-614 CWE-693
Failure to use secure cookies,"Insecure cookies may be sent in cleartext, which makes them vulnerable to interception.",error,Cookie is added to response without the 'secure' flag being set.,/src/testcases/CWE113_HTTP_Response_Splitting/s02/J1063.java,15,13,15,40,CWE-311 CWE-614 CWE-693
Failure to use secure cookies,"Insecure cookies may be sent in cleartext, which makes them vulnerable to interception.",error,Cookie is added to response without the 'secure' flag being set.,/src/testcases/CWE113_HTTP_Response_Splitting/s02/J1063.java,23,13,23,40,CWE-311 CWE-614 CWE-693
Failure to use secure cookies,"Insecure cookies may be sent in cleartext, which makes them vulnerable to interception.",error,Cookie is added to response without the 'secure' flag being set.,/src/testcases/CWE113_HTTP_Response_Splitting/s03/J1068.java,44,13,44,40,CWE-311 CWE-614 CWE-693
Failure to use secure cookies,"Insecure cookies may be sent in cleartext, which makes them vulnerable to interception.",error,Cookie is added to response without the 'secure' flag being set.,/src/testcases/CWE113_HTTP_Response_Splitting/s03/J1069.java,21,13,21,40,CWE-311 CWE-614 CWE-693
Failure to use secure cookies,"Insecure cookies may be sent in cleartext, which makes them vulnerable to interception.",error,Cookie is added to response without the 'secure' flag being set.,/src/testcases/CWE113_HTTP_Response_Splitting/s03/J1069.java,56,13,56,40,CWE-311 CWE-614 CWE-693
Failure to use secure cookies,"Insecure cookies may be sent in cleartext, which makes them vulnerable to interception.",error,Cookie is added to response without the 'secure' flag being set.,/src/testcases/CWE315_Plaintext_Storage_in_Cookie/J1810.java,11,9,11,52,CWE-311 CWE-614 CWE-693
Failure to use secure cookies,"Insecure cookies may be sent in cleartext, which makes them vulnerable to interception.",error,Cookie is added to response without the 'secure' flag being set.,/src/testcases/CWE315_Plaintext_Storage_in_Cookie/J1811.java,22,9,22,52,CWE-311 CWE-614 CWE-693
Failure to use secure cookies,"Insecure cookies may be sent in cleartext, which makes them vulnerable to interception.",error,Cookie is added to response without the 'secure' flag being set.,/src/testcases/CWE315_Plaintext_Storage_in_Cookie/J1811.java,35,9,35,52,CWE-311 CWE-614 CWE-693
Failure to use secure cookies,"Insecure cookies may be sent in cleartext, which makes them vulnerable to interception.",error,Cookie is added to response without the 'secure' flag being set.,/src/testcases/CWE614_Sensitive_Cookie_Without_Secure/J2433.java,9,13,9,38,CWE-311 CWE-614 CWE-693
XPath injection,Building an XPath expression from user-controlled sources is vulnerable to insertion of malicious code by the user.,error,"XPath expression depends on a [[""user-provided value""|""relative:///src/testcases/CWE643_Xpath_Injection/J2441.java:22:59:22:81""]].",/src/testcases/CWE643_Xpath_Injection/J2441.java,69,53,69,57,CWE-74 CWE-91 CWE-643 CWE-707 CWE-943
XPath injection,Building an XPath expression from user-controlled sources is vulnerable to insertion of malicious code by the user.,error,"XPath expression depends on a [[""user-provided value""|""relative:///src/testcases/CWE643_Xpath_Injection/J2451.java:14:24:14:50""]].",/src/testcases/CWE643_Xpath_Injection/J2451.java,35,53,35,57,CWE-74 CWE-91 CWE-643 CWE-707 CWE-943
XPath injection,Building an XPath expression from user-controlled sources is vulnerable to insertion of malicious code by the user.,error,"XPath expression depends on a [[""user-provided value""|""relative:///src/testcases/CWE643_Xpath_Injection/J2453.java:10:16:10:43""]].",/src/testcases/CWE643_Xpath_Injection/J2453.java,29,53,29,57,CWE-74 CWE-91 CWE-643 CWE-707 CWE-943
XPath injection,Building an XPath expression from user-controlled sources is vulnerable to insertion of malicious code by the user.,error,"XPath expression depends on a [[""user-provided value""|""relative:///src/testcases/CWE643_Xpath_Injection/J2455.java:13:61:13:84""]].",/src/testcases/CWE643_Xpath_Injection/J2455.java,40,53,40,57,CWE-74 CWE-91 CWE-643 CWE-707 CWE-943
XPath injection,Building an XPath expression from user-controlled sources is vulnerable to insertion of malicious code by the user.,error,"XPath expression depends on a [[""user-provided value""|""relative:///src/testcases/CWE643_Xpath_Injection/J2457.java:25:59:25:81""]].",/src/testcases/CWE643_Xpath_Injection/J2457.java,79,53,79,57,CWE-74 CWE-91 CWE-643 CWE-707 CWE-943
XPath injection,Building an XPath expression from user-controlled sources is vulnerable to insertion of malicious code by the user.,error,"XPath expression depends on a [[""user-provided value""|""relative:///src/testcases/CWE643_Xpath_Injection/J2463.java:22:59:22:88""]].",/src/testcases/CWE643_Xpath_Injection/J2463.java,62,53,62,57,CWE-74 CWE-91 CWE-643 CWE-707 CWE-943
User-controlled data in numeric cast,Casting user-controlled numeric data to a narrower type without validation can cause unexpected truncation.,error,"This cast to a narrower type depends on a [[""user-provided value""|""relative:///src/testcases/CWE197_Numeric_Truncation_Error/s01/J1700.java:18:59:18:81""]], potentially causing truncation.",/src/testcases/CWE197_Numeric_Truncation_Error/s01/J1700.java,55,26,55,36,CWE-197 CWE-664 CWE-681 CWE-704
User-controlled data in numeric cast,Casting user-controlled numeric data to a narrower type without validation can cause unexpected truncation.,error,"This cast to a narrower type depends on a [[""user-provided value""|""relative:///src/testcases/CWE197_Numeric_Truncation_Error/s01/J1702.java:18:59:18:81""]], potentially causing truncation.",/src/testcases/CWE197_Numeric_Truncation_Error/s01/J1702.java,55,26,55,37,CWE-197 CWE-664 CWE-681 CWE-704
User-controlled data in numeric cast,Casting user-controlled numeric data to a narrower type without validation can cause unexpected truncation.,error,"This cast to a narrower type depends on a [[""user-provided value""|""relative:///src/testcases/CWE197_Numeric_Truncation_Error/s01/J1724.java:21:59:21:81""]], potentially causing truncation.",/src/testcases/CWE197_Numeric_Truncation_Error/s01/J1724.java,66,26,66,36,CWE-197 CWE-664 CWE-681 CWE-704
User-controlled data in numeric cast,Casting user-controlled numeric data to a narrower type without validation can cause unexpected truncation.,error,"This cast to a narrower type depends on a [[""user-provided value""|""relative:///src/testcases/CWE197_Numeric_Truncation_Error/s01/J1726.java:21:59:21:81""]], potentially causing truncation.",/src/testcases/CWE197_Numeric_Truncation_Error/s01/J1726.java,66,26,66,37,CWE-197 CWE-664 CWE-681 CWE-704
User-controlled data in numeric cast,Casting user-controlled numeric data to a narrower type without validation can cause unexpected truncation.,error,"This cast to a narrower type depends on a [[""user-provided value""|""relative:///src/testcases/CWE197_Numeric_Truncation_Error/s02/J1740.java:18:59:18:88""]], potentially causing truncation.",/src/testcases/CWE197_Numeric_Truncation_Error/s02/J1740.java,49,26,49,36,CWE-197 CWE-664 CWE-681 CWE-704
User-controlled data in numeric cast,Casting user-controlled numeric data to a narrower type without validation can cause unexpected truncation.,error,"This cast to a narrower type depends on a [[""user-provided value""|""relative:///src/testcases/CWE197_Numeric_Truncation_Error/s02/J1742.java:18:59:18:88""]], potentially causing truncation.",/src/testcases/CWE197_Numeric_Truncation_Error/s02/J1742.java,49,26,49,37,CWE-197 CWE-664 CWE-681 CWE-704
User-controlled data in numeric cast,Casting user-controlled numeric data to a narrower type without validation can cause unexpected truncation.,error,"This cast to a narrower type depends on a [[""user-provided value""|""relative:///src/testcases/CWE197_Numeric_Truncation_Error/s02/J1744.java:18:59:18:81""]], potentially causing truncation.",/src/testcases/CWE197_Numeric_Truncation_Error/s02/J1744.java,55,26,55,36,CWE-197 CWE-664 CWE-681 CWE-704
User-controlled data in numeric cast,Casting user-controlled numeric data to a narrower type without validation can cause unexpected truncation.,error,"This cast to a narrower type depends on a [[""user-provided value""|""relative:///src/testcases/CWE197_Numeric_Truncation_Error/s02/J1756.java:21:59:21:81""]], potentially causing truncation.",/src/testcases/CWE197_Numeric_Truncation_Error/s02/J1756.java,66,26,66,36,CWE-197 CWE-664 CWE-681 CWE-704
User-controlled data in numeric cast,Casting user-controlled numeric data to a narrower type without validation can cause unexpected truncation.,error,"This cast to a narrower type depends on a [[""user-provided value""|""relative:///src/testcases/CWE197_Numeric_Truncation_Error/s03/J1764.java:18:59:18:88""]], potentially causing truncation.",/src/testcases/CWE197_Numeric_Truncation_Error/s03/J1764.java,49,26,49,36,CWE-197 CWE-664 CWE-681 CWE-704
