J1144,CWE190_Integer_Overflow__byte_console_readLine_add_01_bad,CWE-190,True,Integer Overflow
J1145,CWE190_Integer_Overflow__byte_console_readLine_add_01_good,CWE-190,False,Integer Overflow
J1146,CWE190_Integer_Overflow__byte_console_readLine_multiply_01_bad,CWE-190,True,Integer Overflow
J1147,CWE190_Integer_Overflow__byte_console_readLine_multiply_01_good,CWE-190,False,Integer Overflow
J1148,CWE190_Integer_Overflow__byte_console_readLine_square_01_bad,CWE-190,True,Integer Overflow
J1149,CWE190_Integer_Overflow__byte_console_readLine_square_01_good,CWE-190,False,Integer Overflow
J1150,CWE190_Integer_Overflow__byte_max_add_01_bad,CWE-190,True,Integer Overflow
J1151,CWE190_Integer_Overflow__byte_max_add_01_good,CWE-190,False,Integer Overflow
J1152,CWE190_Integer_Overflow__byte_max_multiply_01_bad,CWE-190,True,Integer Overflow
J1153,CWE190_Integer_Overflow__byte_max_multiply_01_good,CWE-190,False,Integer Overflow
J1154,CWE190_Integer_Overflow__byte_max_square_01_bad,CWE-190,True,Integer Overflow
J1155,CWE190_Integer_Overflow__byte_max_square_01_good,CWE-190,False,Integer Overflow
J1156,CWE190_Integer_Overflow__byte_rand_add_01_bad,CWE-190,True,Integer Overflow
J1157,CWE190_Integer_Overflow__byte_rand_add_01_good,CWE-190,False,Integer Overflow
J1158,CWE190_Integer_Overflow__byte_rand_multiply_01_bad,CWE-190,True,Integer Overflow
J1159,CWE190_Integer_Overflow__byte_rand_multiply_01_good,CWE-190,False,Integer Overflow
J1160,CWE190_Integer_Overflow__byte_rand_square_01_bad,CWE-190,True,Integer Overflow
J1161,CWE190_Integer_Overflow__byte_rand_square_01_good,CWE-190,False,Integer Overflow
J1162,CWE190_Integer_Overflow__int_connect_tcp_add_01_bad,CWE-190,True,Integer Overflow
J1163,CWE190_Integer_Overflow__int_connect_tcp_add_01_good,CWE-190,False,Integer Overflow
J1164,CWE190_Integer_Overflow__int_connect_tcp_multiply_01_bad,CWE-190,True,Integer Overflow
J1165,CWE190_Integer_Overflow__int_connect_tcp_multiply_01_good,CWE-190,False,Integer Overflow
J1166,CWE190_Integer_Overflow__int_connect_tcp_square_01_bad,CWE-190,True,Integer Overflow
J1167,CWE190_Integer_Overflow__int_connect_tcp_square_01_good,CWE-190,False,Integer Overflow
J1168,CWE190_Integer_Overflow__int_console_readLine_add_01_bad,CWE-190,True,Integer Overflow
J1169,CWE190_Integer_Overflow__int_console_readLine_add_01_good,CWE-190,False,Integer Overflow
J1170,CWE190_Integer_Overflow__int_console_readLine_multiply_01_bad,CWE-190,True,Integer Overflow
J1171,CWE190_Integer_Overflow__int_console_readLine_multiply_01_good,CWE-190,False,Integer Overflow
J1172,CWE190_Integer_Overflow__int_console_readLine_square_01_bad,CWE-190,True,Integer Overflow
J1173,CWE190_Integer_Overflow__int_console_readLine_square_01_good,CWE-190,False,Integer Overflow
J1174,CWE190_Integer_Overflow__int_database_add_01_bad,CWE-190,True,Integer Overflow
J1175,CWE190_Integer_Overflow__int_database_add_01_good,CWE-190,False,Integer Overflow
J1176,CWE190_Integer_Overflow__int_database_multiply_01_bad,CWE-190,True,Integer Overflow
J1177,CWE190_Integer_Overflow__int_database_multiply_01_good,CWE-190,False,Integer Overflow
J1178,CWE190_Integer_Overflow__int_database_square_01_bad,CWE-190,True,Integer Overflow
J1179,CWE190_Integer_Overflow__int_database_square_01_good,CWE-190,False,Integer Overflow
J1180,CWE190_Integer_Overflow__int_Environment_add_01_bad,CWE-190,True,Integer Overflow
J1181,CWE190_Integer_Overflow__int_Environment_add_01_good,CWE-190,False,Integer Overflow
J1182,CWE190_Integer_Overflow__int_Environment_multiply_01_bad,CWE-190,True,Integer Overflow
J1183,CWE190_Integer_Overflow__int_Environment_multiply_01_good,CWE-190,False,Integer Overflow
J1184,CWE190_Integer_Overflow__int_Environment_square_01_bad,CWE-190,True,Integer Overflow
J1185,CWE190_Integer_Overflow__int_Environment_square_01_good,CWE-190,False,Integer Overflow
J1186,CWE190_Integer_Overflow__int_File_add_01_bad,CWE-190,True,Integer Overflow
J1187,CWE190_Integer_Overflow__int_File_add_01_good,CWE-190,False,Integer Overflow
J1188,CWE190_Integer_Overflow__int_File_multiply_01_bad,CWE-190,True,Integer Overflow
J1189,CWE190_Integer_Overflow__int_File_multiply_01_good,CWE-190,False,Integer Overflow
J1190,CWE190_Integer_Overflow__int_File_square_01_bad,CWE-190,True,Integer Overflow
J1191,CWE190_Integer_Overflow__int_File_square_01_good,CWE-190,False,Integer Overflow
J1192,CWE190_Integer_Overflow__int_getCookies_Servlet_add_01_bad,CWE-190,True,Integer Overflow
J1193,CWE190_Integer_Overflow__int_getCookies_Servlet_add_01_good,CWE-190,False,Integer Overflow
J1194,CWE190_Integer_Overflow__int_getCookies_Servlet_multiply_01_bad,CWE-190,True,Integer Overflow
J1195,CWE190_Integer_Overflow__int_getCookies_Servlet_multiply_01_good,CWE-190,False,Integer Overflow
J1196,CWE190_Integer_Overflow__int_getCookies_Servlet_square_01_bad,CWE-190,True,Integer Overflow
J1197,CWE190_Integer_Overflow__int_getCookies_Servlet_square_01_good,CWE-190,False,Integer Overflow
J1198,CWE190_Integer_Overflow__int_getParameter_Servlet_add_01_bad,CWE-190,True,Integer Overflow
J1199,CWE190_Integer_Overflow__int_getParameter_Servlet_add_01_good,CWE-190,False,Integer Overflow
J1200,CWE190_Integer_Overflow__int_getParameter_Servlet_multiply_01_bad,CWE-190,True,Integer Overflow
J1201,CWE190_Integer_Overflow__int_getParameter_Servlet_multiply_01_good,CWE-190,False,Integer Overflow
J1202,CWE190_Integer_Overflow__int_getParameter_Servlet_square_01_bad,CWE-190,True,Integer Overflow
J1203,CWE190_Integer_Overflow__int_getParameter_Servlet_square_01_good,CWE-190,False,Integer Overflow
J1204,CWE190_Integer_Overflow__int_getQueryString_Servlet_add_01_bad,CWE-190,True,Integer Overflow
J1205,CWE190_Integer_Overflow__int_getQueryString_Servlet_add_01_good,CWE-190,False,Integer Overflow
J1206,CWE190_Integer_Overflow__int_getQueryString_Servlet_multiply_01_bad,CWE-190,True,Integer Overflow
J1207,CWE190_Integer_Overflow__int_getQueryString_Servlet_multiply_01_good,CWE-190,False,Integer Overflow
J1208,CWE190_Integer_Overflow__int_getQueryString_Servlet_square_01_bad,CWE-190,True,Integer Overflow
J1209,CWE190_Integer_Overflow__int_getQueryString_Servlet_square_01_good,CWE-190,False,Integer Overflow
J1210,CWE190_Integer_Overflow__int_listen_tcp_add_01_bad,CWE-190,True,Integer Overflow
J1211,CWE190_Integer_Overflow__int_listen_tcp_add_01_good,CWE-190,False,Integer Overflow
J1212,CWE190_Integer_Overflow__int_listen_tcp_multiply_01_bad,CWE-190,True,Integer Overflow
J1213,CWE190_Integer_Overflow__int_listen_tcp_multiply_01_good,CWE-190,False,Integer Overflow
J1214,CWE190_Integer_Overflow__int_listen_tcp_square_01_bad,CWE-190,True,Integer Overflow
J1215,CWE190_Integer_Overflow__int_listen_tcp_square_01_good,CWE-190,False,Integer Overflow
J1216,CWE190_Integer_Overflow__int_max_add_01_bad,CWE-190,True,Integer Overflow
J1217,CWE190_Integer_Overflow__int_max_add_01_good,CWE-190,False,Integer Overflow
J1218,CWE190_Integer_Overflow__int_max_multiply_01_bad,CWE-190,True,Integer Overflow
J1219,CWE190_Integer_Overflow__int_max_multiply_01_good,CWE-190,False,Integer Overflow
J1220,CWE190_Integer_Overflow__int_max_square_01_bad,CWE-190,True,Integer Overflow
J1221,CWE190_Integer_Overflow__int_max_square_01_good,CWE-190,False,Integer Overflow
J1222,CWE190_Integer_Overflow__int_PropertiesFile_add_01_bad,CWE-190,True,Integer Overflow
J1223,CWE190_Integer_Overflow__int_PropertiesFile_add_01_good,CWE-190,False,Integer Overflow
J1224,CWE190_Integer_Overflow__int_PropertiesFile_multiply_01_bad,CWE-190,True,Integer Overflow
J1225,CWE190_Integer_Overflow__int_PropertiesFile_multiply_01_good,CWE-190,False,Integer Overflow
J1226,CWE190_Integer_Overflow__int_PropertiesFile_square_01_bad,CWE-190,True,Integer Overflow
J1227,CWE190_Integer_Overflow__int_PropertiesFile_square_01_good,CWE-190,False,Integer Overflow
J1228,CWE190_Integer_Overflow__int_Property_add_01_bad,CWE-190,True,Integer Overflow
J1229,CWE190_Integer_Overflow__int_Property_add_01_good,CWE-190,False,Integer Overflow
J1230,CWE190_Integer_Overflow__int_Property_multiply_01_bad,CWE-190,True,Integer Overflow
J1231,CWE190_Integer_Overflow__int_Property_multiply_01_good,CWE-190,False,Integer Overflow
J1232,CWE190_Integer_Overflow__int_Property_square_01_bad,CWE-190,True,Integer Overflow
J1233,CWE190_Integer_Overflow__int_Property_square_01_good,CWE-190,False,Integer Overflow
J1234,CWE190_Integer_Overflow__int_random_add_01_bad,CWE-190,True,Integer Overflow
J1235,CWE190_Integer_Overflow__int_random_add_01_good,CWE-190,False,Integer Overflow
J1236,CWE190_Integer_Overflow__int_random_multiply_01_bad,CWE-190,True,Integer Overflow
J1237,CWE190_Integer_Overflow__int_random_multiply_01_good,CWE-190,False,Integer Overflow
J1238,CWE190_Integer_Overflow__int_random_square_01_bad,CWE-190,True,Integer Overflow
J1239,CWE190_Integer_Overflow__int_random_square_01_good,CWE-190,False,Integer Overflow
J1240,CWE190_Integer_Overflow__int_URLConnection_add_01_bad,CWE-190,True,Integer Overflow
J1241,CWE190_Integer_Overflow__int_URLConnection_add_01_good,CWE-190,False,Integer Overflow
J1242,CWE190_Integer_Overflow__int_URLConnection_multiply_01_bad,CWE-190,True,Integer Overflow
J1243,CWE190_Integer_Overflow__int_URLConnection_multiply_01_good,CWE-190,False,Integer Overflow
J1244,CWE190_Integer_Overflow__int_URLConnection_square_01_bad,CWE-190,True,Integer Overflow
J1245,CWE190_Integer_Overflow__int_URLConnection_square_01_good,CWE-190,False,Integer Overflow
J1246,CWE190_Integer_Overflow__long_console_readLine_add_01_bad,CWE-190,True,Integer Overflow
J1247,CWE190_Integer_Overflow__long_console_readLine_add_01_good,CWE-190,False,Integer Overflow
J1248,CWE190_Integer_Overflow__long_console_readLine_multiply_01_bad,CWE-190,True,Integer Overflow
J1249,CWE190_Integer_Overflow__long_console_readLine_multiply_01_good,CWE-190,False,Integer Overflow
J1250,CWE190_Integer_Overflow__long_console_readLine_square_01_bad,CWE-190,True,Integer Overflow
J1251,CWE190_Integer_Overflow__long_console_readLine_square_01_good,CWE-190,False,Integer Overflow
J1252,CWE190_Integer_Overflow__long_max_add_01_bad,CWE-190,True,Integer Overflow
J1253,CWE190_Integer_Overflow__long_max_add_01_good,CWE-190,False,Integer Overflow
J1254,CWE190_Integer_Overflow__long_max_multiply_01_bad,CWE-190,True,Integer Overflow
J1255,CWE190_Integer_Overflow__long_max_multiply_01_good,CWE-190,False,Integer Overflow
J1256,CWE190_Integer_Overflow__long_max_square_01_bad,CWE-190,True,Integer Overflow
J1257,CWE190_Integer_Overflow__long_max_square_01_good,CWE-190,False,Integer Overflow
J1258,CWE190_Integer_Overflow__long_rand_add_01_bad,CWE-190,True,Integer Overflow
J1259,CWE190_Integer_Overflow__long_rand_add_01_good,CWE-190,False,Integer Overflow
J1260,CWE190_Integer_Overflow__long_rand_multiply_01_bad,CWE-190,True,Integer Overflow
J1261,CWE190_Integer_Overflow__long_rand_multiply_01_good,CWE-190,False,Integer Overflow
J1262,CWE190_Integer_Overflow__long_rand_square_01_bad,CWE-190,True,Integer Overflow
J1263,CWE190_Integer_Overflow__long_rand_square_01_good,CWE-190,False,Integer Overflow
J1264,CWE190_Integer_Overflow__short_console_readLine_add_01_bad,CWE-190,True,Integer Overflow
J1265,CWE190_Integer_Overflow__short_console_readLine_add_01_good,CWE-190,False,Integer Overflow
J1266,CWE190_Integer_Overflow__short_console_readLine_multiply_01_bad,CWE-190,True,Integer Overflow
J1267,CWE190_Integer_Overflow__short_console_readLine_multiply_01_good,CWE-190,False,Integer Overflow
J1268,CWE190_Integer_Overflow__short_console_readLine_square_01_bad,CWE-190,True,Integer Overflow
J1269,CWE190_Integer_Overflow__short_console_readLine_square_01_good,CWE-190,False,Integer Overflow
J1270,CWE190_Integer_Overflow__short_max_add_01_bad,CWE-190,True,Integer Overflow
J1271,CWE190_Integer_Overflow__short_max_add_01_good,CWE-190,False,Integer Overflow
J1272,CWE190_Integer_Overflow__short_max_multiply_01_bad,CWE-190,True,Integer Overflow
J1273,CWE190_Integer_Overflow__short_max_multiply_01_good,CWE-190,False,Integer Overflow
J1274,CWE190_Integer_Overflow__short_max_square_01_bad,CWE-190,True,Integer Overflow
J1275,CWE190_Integer_Overflow__short_max_square_01_good,CWE-190,False,Integer Overflow
J1276,CWE190_Integer_Overflow__short_rand_add_01_bad,CWE-190,True,Integer Overflow
J1277,CWE190_Integer_Overflow__short_rand_add_01_good,CWE-190,False,Integer Overflow
J1278,CWE190_Integer_Overflow__short_rand_multiply_01_bad,CWE-190,True,Integer Overflow
J1279,CWE190_Integer_Overflow__short_rand_multiply_01_good,CWE-190,False,Integer Overflow
J1280,CWE190_Integer_Overflow__short_rand_square_01_bad,CWE-190,True,Integer Overflow
J1281,CWE190_Integer_Overflow__short_rand_square_01_good,CWE-190,False,Integer Overflow
J1282,CWE190_Integer_Overflow__byte_console_readLine_postinc_01_bad,CWE-190,True,Integer Overflow
J1283,CWE190_Integer_Overflow__byte_console_readLine_postinc_01_good,CWE-190,False,Integer Overflow
J1284,CWE190_Integer_Overflow__byte_max_postinc_01_bad,CWE-190,True,Integer Overflow
J1285,CWE190_Integer_Overflow__byte_max_postinc_01_good,CWE-190,False,Integer Overflow
J1286,CWE190_Integer_Overflow__byte_rand_postinc_01_bad,CWE-190,True,Integer Overflow
J1287,CWE190_Integer_Overflow__byte_rand_postinc_01_good,CWE-190,False,Integer Overflow
J1288,CWE190_Integer_Overflow__int_connect_tcp_postinc_01_bad,CWE-190,True,Integer Overflow
J1289,CWE190_Integer_Overflow__int_connect_tcp_postinc_01_good,CWE-190,False,Integer Overflow
J1290,CWE190_Integer_Overflow__int_console_readLine_postinc_01_bad,CWE-190,True,Integer Overflow
J1291,CWE190_Integer_Overflow__int_console_readLine_postinc_01_good,CWE-190,False,Integer Overflow
J1292,CWE190_Integer_Overflow__int_database_postinc_01_bad,CWE-190,True,Integer Overflow
J1293,CWE190_Integer_Overflow__int_database_postinc_01_good,CWE-190,False,Integer Overflow
J1294,CWE190_Integer_Overflow__int_Environment_postinc_01_bad,CWE-190,True,Integer Overflow
J1295,CWE190_Integer_Overflow__int_Environment_postinc_01_good,CWE-190,False,Integer Overflow
J1296,CWE190_Integer_Overflow__int_File_postinc_01_bad,CWE-190,True,Integer Overflow
J1297,CWE190_Integer_Overflow__int_File_postinc_01_good,CWE-190,False,Integer Overflow
J1298,CWE190_Integer_Overflow__int_getCookies_Servlet_postinc_01_bad,CWE-190,True,Integer Overflow
J1299,CWE190_Integer_Overflow__int_getCookies_Servlet_postinc_01_good,CWE-190,False,Integer Overflow
J1300,CWE190_Integer_Overflow__int_getParameter_Servlet_postinc_01_bad,CWE-190,True,Integer Overflow
J1301,CWE190_Integer_Overflow__int_getParameter_Servlet_postinc_01_good,CWE-190,False,Integer Overflow
J1302,CWE190_Integer_Overflow__int_getQueryString_Servlet_postinc_01_bad,CWE-190,True,Integer Overflow
J1303,CWE190_Integer_Overflow__int_getQueryString_Servlet_postinc_01_good,CWE-190,False,Integer Overflow
J1304,CWE190_Integer_Overflow__int_listen_tcp_postinc_01_bad,CWE-190,True,Integer Overflow
J1305,CWE190_Integer_Overflow__int_listen_tcp_postinc_01_good,CWE-190,False,Integer Overflow
J1306,CWE190_Integer_Overflow__int_max_postinc_01_bad,CWE-190,True,Integer Overflow
J1307,CWE190_Integer_Overflow__int_max_postinc_01_good,CWE-190,False,Integer Overflow
J1308,CWE190_Integer_Overflow__int_PropertiesFile_postinc_01_bad,CWE-190,True,Integer Overflow
J1309,CWE190_Integer_Overflow__int_PropertiesFile_postinc_01_good,CWE-190,False,Integer Overflow
J1310,CWE190_Integer_Overflow__int_Property_postinc_01_bad,CWE-190,True,Integer Overflow
J1311,CWE190_Integer_Overflow__int_Property_postinc_01_good,CWE-190,False,Integer Overflow
J1312,CWE190_Integer_Overflow__int_random_postinc_01_bad,CWE-190,True,Integer Overflow
J1313,CWE190_Integer_Overflow__int_random_postinc_01_good,CWE-190,False,Integer Overflow
J1314,CWE190_Integer_Overflow__int_URLConnection_postinc_01_bad,CWE-190,True,Integer Overflow
J1315,CWE190_Integer_Overflow__int_URLConnection_postinc_01_good,CWE-190,False,Integer Overflow
J1316,CWE190_Integer_Overflow__long_console_readLine_postinc_01_bad,CWE-190,True,Integer Overflow
J1317,CWE190_Integer_Overflow__long_console_readLine_postinc_01_good,CWE-190,False,Integer Overflow
J1318,CWE190_Integer_Overflow__long_max_postinc_01_bad,CWE-190,True,Integer Overflow
J1319,CWE190_Integer_Overflow__long_max_postinc_01_good,CWE-190,False,Integer Overflow
J1320,CWE190_Integer_Overflow__long_rand_postinc_01_bad,CWE-190,True,Integer Overflow
J1321,CWE190_Integer_Overflow__long_rand_postinc_01_good,CWE-190,False,Integer Overflow
J1322,CWE190_Integer_Overflow__short_console_readLine_postinc_01_bad,CWE-190,True,Integer Overflow
J1323,CWE190_Integer_Overflow__short_console_readLine_postinc_01_good,CWE-190,False,Integer Overflow
J1324,CWE190_Integer_Overflow__short_max_postinc_01_bad,CWE-190,True,Integer Overflow
J1325,CWE190_Integer_Overflow__short_max_postinc_01_good,CWE-190,False,Integer Overflow
J1326,CWE190_Integer_Overflow__short_rand_postinc_01_bad,CWE-190,True,Integer Overflow
J1327,CWE190_Integer_Overflow__short_rand_postinc_01_good,CWE-190,False,Integer Overflow
J1328,CWE190_Integer_Overflow__byte_console_readLine_preinc_01_bad,CWE-190,True,Integer Overflow
J1329,CWE190_Integer_Overflow__byte_console_readLine_preinc_01_good,CWE-190,False,Integer Overflow
J1330,CWE190_Integer_Overflow__byte_max_preinc_01_bad,CWE-190,True,Integer Overflow
J1331,CWE190_Integer_Overflow__byte_max_preinc_01_good,CWE-190,False,Integer Overflow
J1332,CWE190_Integer_Overflow__byte_rand_preinc_01_bad,CWE-190,True,Integer Overflow
J1333,CWE190_Integer_Overflow__byte_rand_preinc_01_good,CWE-190,False,Integer Overflow
J1334,CWE190_Integer_Overflow__int_connect_tcp_preinc_01_bad,CWE-190,True,Integer Overflow
J1335,CWE190_Integer_Overflow__int_connect_tcp_preinc_01_good,CWE-190,False,Integer Overflow
J1336,CWE190_Integer_Overflow__int_console_readLine_preinc_01_bad,CWE-190,True,Integer Overflow
J1337,CWE190_Integer_Overflow__int_console_readLine_preinc_01_good,CWE-190,False,Integer Overflow
J1338,CWE190_Integer_Overflow__int_database_preinc_01_bad,CWE-190,True,Integer Overflow
J1339,CWE190_Integer_Overflow__int_database_preinc_01_good,CWE-190,False,Integer Overflow
J1340,CWE190_Integer_Overflow__int_Environment_preinc_01_bad,CWE-190,True,Integer Overflow
J1341,CWE190_Integer_Overflow__int_Environment_preinc_01_good,CWE-190,False,Integer Overflow
J1342,CWE190_Integer_Overflow__int_File_preinc_01_bad,CWE-190,True,Integer Overflow
J1343,CWE190_Integer_Overflow__int_File_preinc_01_good,CWE-190,False,Integer Overflow
J1344,CWE190_Integer_Overflow__int_getCookies_Servlet_preinc_01_bad,CWE-190,True,Integer Overflow
J1345,CWE190_Integer_Overflow__int_getCookies_Servlet_preinc_01_good,CWE-190,False,Integer Overflow
J1346,CWE190_Integer_Overflow__int_getParameter_Servlet_preinc_01_bad,CWE-190,True,Integer Overflow
J1347,CWE190_Integer_Overflow__int_getParameter_Servlet_preinc_01_good,CWE-190,False,Integer Overflow
J1348,CWE190_Integer_Overflow__int_getQueryString_Servlet_preinc_01_bad,CWE-190,True,Integer Overflow
J1349,CWE190_Integer_Overflow__int_getQueryString_Servlet_preinc_01_good,CWE-190,False,Integer Overflow
J1350,CWE190_Integer_Overflow__int_listen_tcp_preinc_01_bad,CWE-190,True,Integer Overflow
J1351,CWE190_Integer_Overflow__int_listen_tcp_preinc_01_good,CWE-190,False,Integer Overflow
J1352,CWE190_Integer_Overflow__int_max_preinc_01_bad,CWE-190,True,Integer Overflow
J1353,CWE190_Integer_Overflow__int_max_preinc_01_good,CWE-190,False,Integer Overflow
J1354,CWE190_Integer_Overflow__int_PropertiesFile_preinc_01_bad,CWE-190,True,Integer Overflow
J1355,CWE190_Integer_Overflow__int_PropertiesFile_preinc_01_good,CWE-190,False,Integer Overflow
J1356,CWE190_Integer_Overflow__int_Property_preinc_01_bad,CWE-190,True,Integer Overflow
J1357,CWE190_Integer_Overflow__int_Property_preinc_01_good,CWE-190,False,Integer Overflow
J1358,CWE190_Integer_Overflow__int_random_preinc_01_bad,CWE-190,True,Integer Overflow
J1359,CWE190_Integer_Overflow__int_random_preinc_01_good,CWE-190,False,Integer Overflow
J1360,CWE190_Integer_Overflow__int_URLConnection_preinc_01_bad,CWE-190,True,Integer Overflow
J1361,CWE190_Integer_Overflow__int_URLConnection_preinc_01_good,CWE-190,False,Integer Overflow
J1362,CWE190_Integer_Overflow__long_console_readLine_preinc_01_bad,CWE-190,True,Integer Overflow
J1363,CWE190_Integer_Overflow__long_console_readLine_preinc_01_good,CWE-190,False,Integer Overflow
J1364,CWE190_Integer_Overflow__long_max_preinc_01_bad,CWE-190,True,Integer Overflow
J1365,CWE190_Integer_Overflow__long_max_preinc_01_good,CWE-190,False,Integer Overflow
J1366,CWE190_Integer_Overflow__long_rand_preinc_01_bad,CWE-190,True,Integer Overflow
J1367,CWE190_Integer_Overflow__long_rand_preinc_01_good,CWE-190,False,Integer Overflow
J1368,CWE190_Integer_Overflow__short_console_readLine_preinc_01_bad,CWE-190,True,Integer Overflow
J1369,CWE190_Integer_Overflow__short_console_readLine_preinc_01_good,CWE-190,False,Integer Overflow
J1370,CWE190_Integer_Overflow__short_max_preinc_01_bad,CWE-190,True,Integer Overflow
J1371,CWE190_Integer_Overflow__short_max_preinc_01_good,CWE-190,False,Integer Overflow
J1372,CWE190_Integer_Overflow__short_rand_preinc_01_bad,CWE-190,True,Integer Overflow
J1373,CWE190_Integer_Overflow__short_rand_preinc_01_good,CWE-190,False,Integer Overflow
J1432,CWE476_NULL_Pointer_Dereference__binary_if_01_bad,CWE-476,True,NULL Pointer Dereference
J1433,CWE476_NULL_Pointer_Dereference__binary_if_01_good,CWE-476,False,NULL Pointer Dereference
J1434,CWE476_NULL_Pointer_Dereference__deref_after_check_01_bad,CWE-476,True,NULL Pointer Dereference
J1435,CWE476_NULL_Pointer_Dereference__deref_after_check_01_good,CWE-476,False,NULL Pointer Dereference
J1436,CWE476_NULL_Pointer_Dereference__Integer_01_bad,CWE-476,True,NULL Pointer Dereference
J1437,CWE476_NULL_Pointer_Dereference__Integer_01_good,CWE-476,False,NULL Pointer Dereference
J1438,CWE476_NULL_Pointer_Dereference__int_array_01_bad,CWE-476,True,NULL Pointer Dereference
J1439,CWE476_NULL_Pointer_Dereference__int_array_01_good,CWE-476,False,NULL Pointer Dereference
J1440,CWE476_NULL_Pointer_Dereference__null_check_after_deref_01_bad,CWE-476,True,NULL Pointer Dereference
J1441,CWE476_NULL_Pointer_Dereference__null_check_after_deref_01_good,CWE-476,False,NULL Pointer Dereference
J1442,CWE476_NULL_Pointer_Dereference__StringBuilder_01_bad,CWE-476,True,NULL Pointer Dereference
J1443,CWE476_NULL_Pointer_Dereference__StringBuilder_01_good,CWE-476,False,NULL Pointer Dereference
J1444,CWE476_NULL_Pointer_Dereference__String_01_bad,CWE-476,True,NULL Pointer Dereference
J1445,CWE476_NULL_Pointer_Dereference__String_01_good,CWE-476,False,NULL Pointer Dereference
J1446,CWE523_Unprotected_Cred_Transport__Servlet_01_bad,CWE-523,True,Unprotected Cred Transport
J1447,CWE523_Unprotected_Cred_Transport__Servlet_01_good,CWE-523,False,Unprotected Cred Transport
J1476,CWE78_OS_Command_Injection__connect_tcp_01_bad,CWE-78,True,OS Command Injection
J1477,CWE78_OS_Command_Injection__connect_tcp_01_good,CWE-78,False,OS Command Injection
J1478,CWE78_OS_Command_Injection__console_readLine_01_bad,CWE-78,True,OS Command Injection
J1479,CWE78_OS_Command_Injection__console_readLine_01_good,CWE-78,False,OS Command Injection
J1480,CWE78_OS_Command_Injection__database_01_bad,CWE-78,True,OS Command Injection
J1481,CWE78_OS_Command_Injection__database_01_good,CWE-78,False,OS Command Injection
J1482,CWE78_OS_Command_Injection__Environment_01_bad,CWE-78,True,OS Command Injection
J1483,CWE78_OS_Command_Injection__Environment_01_good,CWE-78,False,OS Command Injection
J1484,CWE78_OS_Command_Injection__File_01_bad,CWE-78,True,OS Command Injection
J1485,CWE78_OS_Command_Injection__File_01_good,CWE-78,False,OS Command Injection
J1486,CWE78_OS_Command_Injection__getCookies_Servlet_01_bad,CWE-78,True,OS Command Injection
J1487,CWE78_OS_Command_Injection__getCookies_Servlet_01_good,CWE-78,False,OS Command Injection
J1488,CWE78_OS_Command_Injection__getParameter_Servlet_01_bad,CWE-78,True,OS Command Injection
J1489,CWE78_OS_Command_Injection__getParameter_Servlet_01_good,CWE-78,False,OS Command Injection
J1490,CWE78_OS_Command_Injection__getQueryString_Servlet_01_bad,CWE-78,True,OS Command Injection
J1491,CWE78_OS_Command_Injection__getQueryString_Servlet_01_good,CWE-78,False,OS Command Injection
J1492,CWE78_OS_Command_Injection__listen_tcp_01_bad,CWE-78,True,OS Command Injection
J1493,CWE78_OS_Command_Injection__listen_tcp_01_good,CWE-78,False,OS Command Injection
J1494,CWE78_OS_Command_Injection__PropertiesFile_01_bad,CWE-78,True,OS Command Injection
J1495,CWE78_OS_Command_Injection__PropertiesFile_01_good,CWE-78,False,OS Command Injection
J1496,CWE78_OS_Command_Injection__Property_01_bad,CWE-78,True,OS Command Injection
J1497,CWE78_OS_Command_Injection__Property_01_good,CWE-78,False,OS Command Injection
J1498,CWE78_OS_Command_Injection__URLConnection_01_bad,CWE-78,True,OS Command Injection
J1499,CWE78_OS_Command_Injection__URLConnection_01_good,CWE-78,False,OS Command Injection
J1572,CWE89_SQL_Injection__connect_tcp_executeBatch_01_bad,CWE-89,True,SQL Injection
J1573,CWE89_SQL_Injection__connect_tcp_executeBatch_01_good,CWE-89,False,SQL Injection
J1574,CWE89_SQL_Injection__connect_tcp_executeQuery_01_bad,CWE-89,True,SQL Injection
J1575,CWE89_SQL_Injection__connect_tcp_executeQuery_01_good,CWE-89,False,SQL Injection
J1576,CWE89_SQL_Injection__connect_tcp_executeUpdate_01_bad,CWE-89,True,SQL Injection
J1577,CWE89_SQL_Injection__connect_tcp_executeUpdate_01_good,CWE-89,False,SQL Injection
J1578,CWE89_SQL_Injection__connect_tcp_execute_01_bad,CWE-89,True,SQL Injection
J1579,CWE89_SQL_Injection__connect_tcp_execute_01_good,CWE-89,False,SQL Injection
J1580,CWE89_SQL_Injection__connect_tcp_prepareStatement_01_bad,CWE-89,True,SQL Injection
J1581,CWE89_SQL_Injection__connect_tcp_prepareStatement_01_good,CWE-89,False,SQL Injection
J1582,CWE89_SQL_Injection__console_readLine_executeBatch_01_bad,CWE-89,True,SQL Injection
J1583,CWE89_SQL_Injection__console_readLine_executeBatch_01_good,CWE-89,False,SQL Injection
J1584,CWE89_SQL_Injection__console_readLine_executeQuery_01_bad,CWE-89,True,SQL Injection
J1585,CWE89_SQL_Injection__console_readLine_executeQuery_01_good,CWE-89,False,SQL Injection
J1586,CWE89_SQL_Injection__console_readLine_executeUpdate_01_bad,CWE-89,True,SQL Injection
J1587,CWE89_SQL_Injection__console_readLine_executeUpdate_01_good,CWE-89,False,SQL Injection
J1588,CWE89_SQL_Injection__console_readLine_execute_01_bad,CWE-89,True,SQL Injection
J1589,CWE89_SQL_Injection__console_readLine_execute_01_good,CWE-89,False,SQL Injection
J1590,CWE89_SQL_Injection__console_readLine_prepareStatement_01_bad,CWE-89,True,SQL Injection
J1591,CWE89_SQL_Injection__console_readLine_prepareStatement_01_good,CWE-89,False,SQL Injection
J1592,CWE89_SQL_Injection__database_executeBatch_01_bad,CWE-89,True,SQL Injection
J1593,CWE89_SQL_Injection__database_executeBatch_01_good,CWE-89,False,SQL Injection
J1594,CWE89_SQL_Injection__database_executeQuery_01_bad,CWE-89,True,SQL Injection
J1595,CWE89_SQL_Injection__database_executeQuery_01_good,CWE-89,False,SQL Injection
J1596,CWE89_SQL_Injection__database_executeUpdate_01_bad,CWE-89,True,SQL Injection
J1597,CWE89_SQL_Injection__database_executeUpdate_01_good,CWE-89,False,SQL Injection
J1598,CWE89_SQL_Injection__database_execute_01_bad,CWE-89,True,SQL Injection
J1599,CWE89_SQL_Injection__database_execute_01_good,CWE-89,False,SQL Injection
J1600,CWE89_SQL_Injection__database_prepareStatement_01_bad,CWE-89,True,SQL Injection
J1601,CWE89_SQL_Injection__database_prepareStatement_01_good,CWE-89,False,SQL Injection
J1602,CWE89_SQL_Injection__Environment_executeBatch_01_bad,CWE-89,True,SQL Injection
J1603,CWE89_SQL_Injection__Environment_executeBatch_01_good,CWE-89,False,SQL Injection
J1604,CWE89_SQL_Injection__Environment_executeQuery_01_bad,CWE-89,True,SQL Injection
J1605,CWE89_SQL_Injection__Environment_executeQuery_01_good,CWE-89,False,SQL Injection
J1606,CWE89_SQL_Injection__Environment_executeUpdate_01_bad,CWE-89,True,SQL Injection
J1607,CWE89_SQL_Injection__Environment_executeUpdate_01_good,CWE-89,False,SQL Injection
J1608,CWE89_SQL_Injection__Environment_execute_01_bad,CWE-89,True,SQL Injection
J1609,CWE89_SQL_Injection__Environment_execute_01_good,CWE-89,False,SQL Injection
J1610,CWE89_SQL_Injection__Environment_prepareStatement_01_bad,CWE-89,True,SQL Injection
J1611,CWE89_SQL_Injection__Environment_prepareStatement_01_good,CWE-89,False,SQL Injection
J1612,CWE89_SQL_Injection__File_executeBatch_01_bad,CWE-89,True,SQL Injection
J1613,CWE89_SQL_Injection__File_executeBatch_01_good,CWE-89,False,SQL Injection
J1614,CWE89_SQL_Injection__File_executeQuery_01_bad,CWE-89,True,SQL Injection
J1615,CWE89_SQL_Injection__File_executeQuery_01_good,CWE-89,False,SQL Injection
J1616,CWE89_SQL_Injection__File_executeUpdate_01_bad,CWE-89,True,SQL Injection
J1617,CWE89_SQL_Injection__File_executeUpdate_01_good,CWE-89,False,SQL Injection
J1618,CWE89_SQL_Injection__File_execute_01_bad,CWE-89,True,SQL Injection
J1619,CWE89_SQL_Injection__File_execute_01_good,CWE-89,False,SQL Injection
J1620,CWE89_SQL_Injection__File_prepareStatement_01_bad,CWE-89,True,SQL Injection
J1621,CWE89_SQL_Injection__File_prepareStatement_01_good,CWE-89,False,SQL Injection
J1622,CWE89_SQL_Injection__getCookies_Servlet_executeBatch_01_bad,CWE-89,True,SQL Injection
J1623,CWE89_SQL_Injection__getCookies_Servlet_executeBatch_01_good,CWE-89,False,SQL Injection
J1624,CWE89_SQL_Injection__getCookies_Servlet_executeQuery_01_bad,CWE-89,True,SQL Injection
J1625,CWE89_SQL_Injection__getCookies_Servlet_executeQuery_01_good,CWE-89,False,SQL Injection
J1626,CWE89_SQL_Injection__getCookies_Servlet_executeUpdate_01_bad,CWE-89,True,SQL Injection
J1627,CWE89_SQL_Injection__getCookies_Servlet_executeUpdate_01_good,CWE-89,False,SQL Injection
J1628,CWE89_SQL_Injection__getCookies_Servlet_execute_01_bad,CWE-89,True,SQL Injection
J1629,CWE89_SQL_Injection__getCookies_Servlet_execute_01_good,CWE-89,False,SQL Injection
J1630,CWE89_SQL_Injection__getCookies_Servlet_prepareStatement_01_bad,CWE-89,True,SQL Injection
J1631,CWE89_SQL_Injection__getCookies_Servlet_prepareStatement_01_good,CWE-89,False,SQL Injection
J1632,CWE89_SQL_Injection__getParameter_Servlet_executeBatch_01_bad,CWE-89,True,SQL Injection
J1633,CWE89_SQL_Injection__getParameter_Servlet_executeBatch_01_good,CWE-89,False,SQL Injection
J1634,CWE89_SQL_Injection__getParameter_Servlet_executeQuery_01_bad,CWE-89,True,SQL Injection
J1635,CWE89_SQL_Injection__getParameter_Servlet_executeQuery_01_good,CWE-89,False,SQL Injection
J1636,CWE89_SQL_Injection__getParameter_Servlet_executeUpdate_01_bad,CWE-89,True,SQL Injection
J1637,CWE89_SQL_Injection__getParameter_Servlet_executeUpdate_01_good,CWE-89,False,SQL Injection
J1638,CWE89_SQL_Injection__getParameter_Servlet_execute_01_bad,CWE-89,True,SQL Injection
J1639,CWE89_SQL_Injection__getParameter_Servlet_execute_01_good,CWE-89,False,SQL Injection
J1640,CWE89_SQL_Injection__getParameter_Servlet_prepareStatement_01_bad,CWE-89,True,SQL Injection
J1641,CWE89_SQL_Injection__getParameter_Servlet_prepareStatement_01_good,CWE-89,False,SQL Injection
J1642,CWE89_SQL_Injection__getQueryString_Servlet_executeBatch_01_bad,CWE-89,True,SQL Injection
J1643,CWE89_SQL_Injection__getQueryString_Servlet_executeBatch_01_good,CWE-89,False,SQL Injection
J1644,CWE89_SQL_Injection__getQueryString_Servlet_executeQuery_01_bad,CWE-89,True,SQL Injection
J1645,CWE89_SQL_Injection__getQueryString_Servlet_executeQuery_01_good,CWE-89,False,SQL Injection
J1646,CWE89_SQL_Injection__getQueryString_Servlet_executeUpdate_01_bad,CWE-89,True,SQL Injection
J1647,CWE89_SQL_Injection__getQueryString_Servlet_executeUpdate_01_good,CWE-89,False,SQL Injection
J1648,CWE89_SQL_Injection__getQueryString_Servlet_execute_01_bad,CWE-89,True,SQL Injection
J1649,CWE89_SQL_Injection__getQueryString_Servlet_execute_01_good,CWE-89,False,SQL Injection
J1650,CWE89_SQL_Injection__getQueryString_Servlet_prepareStatement_01_bad,CWE-89,True,SQL Injection
J1651,CWE89_SQL_Injection__getQueryString_Servlet_prepareStatement_01_good,CWE-89,False,SQL Injection
J1652,CWE89_SQL_Injection__listen_tcp_executeBatch_01_bad,CWE-89,True,SQL Injection
J1653,CWE89_SQL_Injection__listen_tcp_executeBatch_01_good,CWE-89,False,SQL Injection
J1654,CWE89_SQL_Injection__listen_tcp_executeQuery_01_bad,CWE-89,True,SQL Injection
J1655,CWE89_SQL_Injection__listen_tcp_executeQuery_01_good,CWE-89,False,SQL Injection
J1656,CWE89_SQL_Injection__listen_tcp_executeUpdate_01_bad,CWE-89,True,SQL Injection
J1657,CWE89_SQL_Injection__listen_tcp_executeUpdate_01_good,CWE-89,False,SQL Injection
J1658,CWE89_SQL_Injection__listen_tcp_execute_01_bad,CWE-89,True,SQL Injection
J1659,CWE89_SQL_Injection__listen_tcp_execute_01_good,CWE-89,False,SQL Injection
J1660,CWE89_SQL_Injection__listen_tcp_prepareStatement_01_bad,CWE-89,True,SQL Injection
J1661,CWE89_SQL_Injection__listen_tcp_prepareStatement_01_good,CWE-89,False,SQL Injection
J1662,CWE89_SQL_Injection__PropertiesFile_executeBatch_01_bad,CWE-89,True,SQL Injection
J1663,CWE89_SQL_Injection__PropertiesFile_executeBatch_01_good,CWE-89,False,SQL Injection
J1664,CWE89_SQL_Injection__PropertiesFile_executeQuery_01_bad,CWE-89,True,SQL Injection
J1665,CWE89_SQL_Injection__PropertiesFile_executeQuery_01_good,CWE-89,False,SQL Injection
J1666,CWE89_SQL_Injection__PropertiesFile_executeUpdate_01_bad,CWE-89,True,SQL Injection
J1667,CWE89_SQL_Injection__PropertiesFile_executeUpdate_01_good,CWE-89,False,SQL Injection
J1668,CWE89_SQL_Injection__PropertiesFile_execute_01_bad,CWE-89,True,SQL Injection
J1669,CWE89_SQL_Injection__PropertiesFile_execute_01_good,CWE-89,False,SQL Injection
J1670,CWE89_SQL_Injection__PropertiesFile_prepareStatement_01_bad,CWE-89,True,SQL Injection
J1671,CWE89_SQL_Injection__PropertiesFile_prepareStatement_01_good,CWE-89,False,SQL Injection
J1672,CWE89_SQL_Injection__Property_executeBatch_01_bad,CWE-89,True,SQL Injection
J1673,CWE89_SQL_Injection__Property_executeBatch_01_good,CWE-89,False,SQL Injection
J1674,CWE89_SQL_Injection__Property_executeQuery_01_bad,CWE-89,True,SQL Injection
J1675,CWE89_SQL_Injection__Property_executeQuery_01_good,CWE-89,False,SQL Injection
J1676,CWE89_SQL_Injection__Property_executeUpdate_01_bad,CWE-89,True,SQL Injection
J1677,CWE89_SQL_Injection__Property_executeUpdate_01_good,CWE-89,False,SQL Injection
J1678,CWE89_SQL_Injection__Property_execute_01_bad,CWE-89,True,SQL Injection
J1679,CWE89_SQL_Injection__Property_execute_01_good,CWE-89,False,SQL Injection
J1680,CWE89_SQL_Injection__Property_prepareStatement_01_bad,CWE-89,True,SQL Injection
J1681,CWE89_SQL_Injection__Property_prepareStatement_01_good,CWE-89,False,SQL Injection
J1682,CWE89_SQL_Injection__URLConnection_executeBatch_01_bad,CWE-89,True,SQL Injection
J1683,CWE89_SQL_Injection__URLConnection_executeBatch_01_good,CWE-89,False,SQL Injection
J1684,CWE89_SQL_Injection__URLConnection_executeQuery_01_bad,CWE-89,True,SQL Injection
J1685,CWE89_SQL_Injection__URLConnection_executeQuery_01_good,CWE-89,False,SQL Injection
J1686,CWE89_SQL_Injection__URLConnection_executeUpdate_01_bad,CWE-89,True,SQL Injection
J1687,CWE89_SQL_Injection__URLConnection_executeUpdate_01_good,CWE-89,False,SQL Injection
J1688,CWE89_SQL_Injection__URLConnection_execute_01_bad,CWE-89,True,SQL Injection
J1689,CWE89_SQL_Injection__URLConnection_execute_01_good,CWE-89,False,SQL Injection
J1690,CWE89_SQL_Injection__URLConnection_prepareStatement_01_bad,CWE-89,True,SQL Injection
J1691,CWE89_SQL_Injection__URLConnection_prepareStatement_01_good,CWE-89,False,SQL Injection
